month_of,Doc_Date,imported_local,vendor_Code,vendor_Name,vendor_City,Item_Code,item_category,item_type,item_name,Quantity,Rate,Gross_amount,igp_date,po_date
July 2017,7/6/2017,2,34010003,Vision Pharmaceuticals - Islamabad,NA,01001002,Active Material,1,ESOMEPRAZOLE PELLETS 22.5%,100,3900,390000,7/4/2017,6/22/2017
July 2017,7/6/2017,2,34010003,Vision Pharmaceuticals - Islamabad,NA,01001002,Active Material,1,ESOMEPRAZOLE PELLETS 22.5%,100,3900,390000,7/4/2017,6/22/2017
July 2017,7/12/2017,2,34010003,Vision Pharmaceuticals - Islamabad,NA,01001005,Active Material,1,OMEPRAZOLE PELLETS 22.5%,125,1900,237500,7/4/2017,6/22/2017
July 2017,7/12/2017,2,34010003,Vision Pharmaceuticals - Islamabad,NA,01001005,Active Material,1,OMEPRAZOLE PELLETS 22.5%,125,1900,237500,7/4/2017,6/22/2017
July 2017,7/12/2017,1,34020003,LC #. 3882 - Flurbiprofen ,NA,01001012,Active Material,1,Flurbiprofen,50,9890.62,494531,7/12/2017,5/3/2017
July 2017,7/12/2017,1,34020001,Cont.#. 1400 - Cetrizine & Piroxicam,NA,01001013,Active Material,1,Cetirizine 2 HCL,25,6582.52,164563,7/12/2017,5/19/2017
July 2017,7/12/2017,1,34020001,Cont.#. 1400 - Cetrizine & Piroxicam,NA,01001014,Active Material,1,PIROXICAM Plain,25,6582.52,164563,7/12/2017,5/19/2017
July 2017,7/12/2017,1,34020002,Cont.#. 1399 - Azithromycin,NA,01001015,Active Material,1,Azithromycin Dihydrate USP,50,11223.62,561181,7/12/2017,5/19/2017
July 2017,7/14/2017,2,34010017,PHARMAGEN LIMITED,NA,01001001,Active Material,1,CIPROFLOCXACIN HCL,25,2700,67500,7/11/2017,7/3/2017
July 2017,7/14/2017,2,34010017,PHARMAGEN LIMITED,NA,01001001,Active Material,1,CIPROFLOCXACIN HCL,475,2700,1282500,7/11/2017,7/3/2017
July 2017,7/14/2017,2,34010009,Technokon Chemicals - Lahore,NA,02001030,Excepients,1,OPASHINE ENTERIC (Orange),20,3000,60000,7/12/2017,7/5/2017
July 2017,7/14/2017,2,34010007,GelCaps Pakistan Limited - Karachi,NA,02002003,Excepients,1,ECS  (D BLUE/D BLUE) 02,500000,0.3,150000,7/14/2017,7/5/2017
July 2017,7/14/2017,2,34010007,GelCaps Pakistan Limited - Karachi,NA,02002005,Excepients,1,ECS (LTGREEN/LTGREEN) 02,500000,0.3,150000,7/14/2017,7/3/2017
July 2017,7/14/2017,2,34010007,GelCaps Pakistan Limited - Karachi,NA,02002006,Excepients,1,ECS (PURPLE/PURPLE) 02,500000,0.3,150000,7/14/2017,7/3/2017
July 2017,7/14/2017,2,34010007,GelCaps Pakistan Limited - Karachi,NA,02002007,Excepients,1,ECS (SCARLET/NATURAL) 01,300000,0.3,90000,7/14/2017,7/3/2017
July 2017,7/14/2017,2,34010006,Pharma Caps - Karachi,NA,02002009,Excepients,1,ECS(BLUE/D.BLUE) 02,1050000,0.21,220500,7/11/2017,6/19/2017
July 2017,7/14/2017,2,34010006,Pharma Caps - Karachi,NA,02002010,Excepients,1, ECS   (YELLOW/YELLO) 02,175000,0.21,36750,7/11/2017,6/19/2017
July 2017,7/14/2017,2,34010001,Saeed Printers - Lahore,NA,05002002,Packing Material,2,ALUMINIUM FOIL CEFLOX 250MG ,20.6,950,19570,7/14/2017,7/3/2017
July 2017,7/14/2017,2,34010001,Saeed Printers - Lahore,NA,05002003,Packing Material,2,ALUMINIUM FOIL CFLOX 500MG ,31.8,950,30210,7/14/2017,6/23/2017
July 2017,7/14/2017,2,34010001,Saeed Printers - Lahore,NA,05002004,Packing Material,2,ALUMINIUM FOIL LEUFEX 250MG,21,950,19950,7/14/2017,7/3/2017
July 2017,7/14/2017,2,34010001,Saeed Printers - Lahore,NA,05002005,Packing Material,2,ALUMINIUM FOIL LEUFEX 500MG ,27.1,950,25745,7/14/2017,7/3/2017
July 2017,7/14/2017,2,34010001,Saeed Printers - Lahore,NA,05002006,Packing Material,2,ALUMINIUM FOIL MAGNS 20MG,21.4,950,20330,7/14/2017,6/23/2017
July 2017,7/14/2017,2,34010001,Saeed Printers - Lahore,NA,05002007,Packing Material,2,ALUMINIUM FOIL MAGNS 40MG ,20.6,950,19570,7/14/2017,7/3/2017
July 2017,7/14/2017,2,34010001,Saeed Printers - Lahore,NA,05002008,Packing Material,2,ALUMINIUM FOIL EKMA 20MG,50.4,950,47880,7/14/2017,7/10/2017
July 2017,7/14/2017,2,34010001,Saeed Printers - Lahore,NA,05002009,Packing Material,2,ALUMINIUM FOIL EKMA 40MG,49.1,950,46645,7/14/2017,7/10/2017
July 2017,7/14/2017,2,34010001,Saeed Printers - Lahore,NA,05002010,Packing Material,2,ALUMINIUM FOIL FLUMAG,22,950,20900,7/14/2017,7/3/2017
July 2017,7/14/2017,2,34010001,Saeed Printers - Lahore,NA,05002021,Packing Material,2,ALUMINIUM FOIL PRAGALAX 50MG,16.8,950,15960,7/14/2017,6/23/2017
July 2017,7/14/2017,2,34010001,Saeed Printers - Lahore,NA,05002023,Packing Material,2,ALUMINIUM FOIL PRAGALAX 100MG,15.8,950,15010,7/14/2017,6/23/2017
July 2017,7/14/2017,2,34010001,Saeed Printers - Lahore,NA,05002024,Packing Material,2,ALUMINIUM FOIL PRAGALAX 150MG,16.5,950,15675,7/14/2017,6/23/2017
July 2017,7/14/2017,2,34010001,Saeed Printers - Lahore,NA,05002025,Packing Material,2,ALUMINIUM FOIL AMRIKCEN 20MG TAB,42.2,950,40090,7/14/2017,7/10/2017
July 2017,7/14/2017,2,34010001,Saeed Printers - Lahore,NA,05002027,Packing Material,2,ALUMINIUM FOIL MAGCAM 20MG,21.2,950,20140,7/14/2017,6/23/2017
July 2017,7/14/2017,2,34010001,Saeed Printers - Lahore,NA,05002028,Packing Material,2,ALUMINIUM FOIL CFLOX 750 MG,21.6,950,20520,7/14/2017,7/3/2017
July 2017,7/14/2017,2,34010001,Saeed Printers - Lahore,NA,05002029,Packing Material,2,ALUMINIUM FOIL LIMYCIN CAP,27.2,950,25840,7/14/2017,6/23/2017
July 2017,7/14/2017,2,34010011,Hassan Ibrahim Printers - Faisalabad,NA,05003001,Packing Material,2,U/C CEFLOX 250MG TABS,31350,2.9,90915,7/14/2017,7/3/2017
July 2017,7/14/2017,2,34010011,Hassan Ibrahim Printers - Faisalabad,NA,05003002,Packing Material,2,U/C CEFLOX 500MG TABS,31000,2.9,89900,7/14/2017,7/10/2017
July 2017,7/14/2017,2,34010011,Hassan Ibrahim Printers - Faisalabad,NA,05003009,Packing Material,2,U/C EKMA 40MG,20700,2.9,60030,7/14/2017,7/4/2017
July 2017,7/14/2017,2,34010011,Hassan Ibrahim Printers - Faisalabad,NA,05003010,Packing Material,2,U/C FLUMAG,25600,2.4,61440,7/14/2017,7/4/2017
July 2017,7/14/2017,2,34010011,Hassan Ibrahim Printers - Faisalabad,NA,05003014,Packing Material,2,U/C PRAGALAX 50MG CAP,16150,2.9,46835,7/14/2017,7/3/2017
July 2017,7/14/2017,2,34010011,Hassan Ibrahim Printers - Faisalabad,NA,05003015,Packing Material,2,U/C PRAGALAX 75MG CAP,15300,2.9,44370,7/14/2017,7/3/2017
July 2017,7/14/2017,2,34010011,Hassan Ibrahim Printers - Faisalabad,NA,05003016,Packing Material,2,U/C PRAGALAX 100MG CAP,15500,2.9,44950,7/14/2017,7/3/2017
July 2017,7/14/2017,2,34010011,Hassan Ibrahim Printers - Faisalabad,NA,05003017,Packing Material,2,U/C PRAGALAX 150MG CAP,17700,2.9,51330,7/14/2017,7/3/2017
July 2017,7/14/2017,2,34010011,Hassan Ibrahim Printers - Faisalabad,NA,05003018,Packing Material,2,U/C AMRIKCEN 20MG TAB,26300,2.4,63120,7/14/2017,7/3/2017
July 2017,7/14/2017,2,34010011,Hassan Ibrahim Printers - Faisalabad,NA,05003019,Packing Material,2,U/C FLIRFEN ,22000,2.35,51700,7/14/2017,7/4/2017
July 2017,7/14/2017,2,34010011,Hassan Ibrahim Printers - Faisalabad,NA,05003020,Packing Material,2,U/C MAGCAM ,25500,2.4,61200,7/14/2017,7/3/2017
July 2017,7/14/2017,2,34010011,Hassan Ibrahim Printers - Faisalabad,NA,05003028,Packing Material,2,U/C LIMYCIN CAP,25050,1.75,43837.5,7/14/2017,7/3/2017
July 2017,7/14/2017,2,34010014,Citizen Press,NA,05004013,Packing Material,2,LEAFLETS AMRIKCEN TAB,52043,0.35,18215.05,7/13/2017,6/20/2017
July 2017,7/14/2017,2,34010014,Citizen Press,NA,05004014,Packing Material,2,LEAFLETS ZARACIN CAP,31845,0.35,11145.75,7/13/2017,6/20/2017
July 2017,7/14/2017,2,34010018,HANAN PRINTERS,NA,05004020,Packing Material,2,LEAFLETS VIBECIN,52600,0.35,18410,7/14/2017,7/3/2017
July 2017,7/14/2017,2,34010005,Jahangir Packages - Faisalabad,NA,05005003,Packing Material,2,MASTER SHIPPER MP-03,930,36,33480,7/13/2017,6/22/2017
July 2017,7/14/2017,2,34010005,Jahangir Packages - Faisalabad,NA,05005004,Packing Material,2,SHIPPER EXP-01,182,210,38220,7/13/2017,6/24/2017
July 2017,7/14/2017,2,34010005,Jahangir Packages - Faisalabad,NA,05005005,Packing Material,2,SHIPPER EXP-02,112,220,24640,7/13/2017,6/24/2017
July 2017,7/14/2017,2,34010020,SARINA THERMOPLASTICS ,NA,05006004,Packing Material,2,PVDC 250mm,207.35,240,49764,7/12/2017,7/7/2017
July 2017,7/17/2017,1,34020004,LC #. 3534 - Doxycycline HCL,NA,01001017,Active Material,1,DOXYCYCLINE HYCLATE,100,5703.52,570352,7/13/2017,4/10/2017
July 2017,7/18/2017,2,34010021,Hami Packages,NA,05001001,Packing Material,2,ALU/ALU 250mm (160 micron),2020.5,670,1353735,7/18/2017,6/22/2017
July 2017,7/19/2017,1,34020005,LC #. 3537 - Diclofenac Sodium,NA,01001018,Active Material,1,DICLOFENAC SODIUM,250,977.06,244265,7/18/2017,4/20/2017
July 2017,7/20/2017,2,34010008,Brother Enterprises Limited ( BEL ) - ,NA,02001023,Excepients,1,XANTHAN GUM,25,340,8500,7/20/2017,7/4/2017
July 2017,7/20/2017,2,34010008,Brother Enterprises Limited ( BEL ) - ,NA,02001024,Excepients,1,SUGAR (MICRONIZED),300,155,46500,7/20/2017,7/4/2017
July 2017,7/20/2017,2,34010008,Brother Enterprises Limited ( BEL ) - ,NA,02001026,Excepients,1,SODIUM CITRATE,25,160,4000,7/20/2017,7/4/2017
July 2017,7/20/2017,2,34010008,Brother Enterprises Limited ( BEL ) - ,NA,02001027,Excepients,1,SODIUM BENZOATE,25,175,4375,7/20/2017,7/4/2017
July 2017,7/20/2017,1,34020006,LC #. 4030 - Mefenamic Acid,NA,01001019,Active Material,1,MEFENAMIC ACID,1000,1076.014,1076014,7/18/2017,5/8/2017
July 2017,7/20/2017,2,34010003,Vision Pharmaceuticals - Islamabad,NA,01001003,Active Material,1,DICLOFENAC SOD.SR PELLETS 32%,150,1550,232500,7/12/2017,7/3/2017
July 2017,7/20/2017,2,34010011,Hassan Ibrahim Printers - Faisalabad,NA,05004017,Packing Material,2,LEAFLETS FLIRFEN,64000,0.35,22400,7/19/2017,7/18/2017
July 2017,7/20/2017,2,34010014,Citizen Press,NA,05004010,Packing Material,2,LEAFLETS MAGPRIDE,51900,0.65,33735,7/18/2017,7/5/2017
July 2017,7/20/2017,2,34010011,Hassan Ibrahim Printers - Faisalabad,NA,05003029,Packing Material,2,U/C VELOFT 100 MG TAB,12100,1.9,22990,7/19/2017,7/4/2017
July 2017,7/20/2017,2,34010011,Hassan Ibrahim Printers - Faisalabad,NA,05003022,Packing Material,2,U/C CLITHROCIN 125MG/ 5ml,5350,3,16050,7/18/2017,7/4/2017
July 2017,7/21/2017,2,34010011,Hassan Ibrahim Printers - Faisalabad,NA,05003021,Packing Material,2,U/C CLITHROCIN 250MG/ 5ml,5750,3,17250,7/18/2017,7/4/2017
July 2017,7/21/2017,2,34010011,Hassan Ibrahim Printers - Faisalabad,NA,05003004,Packing Material,2,U/C MAGNS 40MG CAP,31900,2.9,92510,7/17/2017,7/5/2017
July 2017,7/21/2017,2,34010011,Hassan Ibrahim Printers - Faisalabad,NA,05004019,Packing Material,2,LEAFLETS MAGCAM,32000,0.35,11200,7/18/2017,7/17/2017
July 2017,7/21/2017,2,34010003,Vision Pharmaceuticals - Islamabad,NA,01001011,Active Material,1,CLITHROMYCIN TASTE MASK PELLETS 27.5%,60,10200,612000,7/18/2017,6/22/2017
July 2017,7/21/2017,2,34010008,Brother Enterprises Limited ( BEL ) - ,NA,02001025,Excepients,1,CITRIC ACID (ANHYDROUS),25,160,4000,7/20/2017,7/4/2017
July 2017,7/21/2017,2,34010009,Technokon Chemicals - Lahore,NA,02001022,Excepients,1,Aquashine Maflex Pink,20,2000,40000,7/19/2017,7/11/2017
July 2017,7/21/2017,2,34010008,Brother Enterprises Limited ( BEL ) - ,NA,02001013,Excepients,1,TALCUM POWDER,100,40,4000,7/20/2017,7/4/2017
July 2017,7/21/2017,2,34010008,Brother Enterprises Limited ( BEL ) - ,NA,02001015,Excepients,1,ISO PROPYLE ALCOHOLE,160,200,32000,7/20/2017,7/7/2017
July 2017,7/21/2017,2,34010008,Brother Enterprises Limited ( BEL ) - ,NA,02001001,Excepients,1,AEROSIL 200,50,849.7,42485,7/20/2017,7/7/2017
July 2017,7/21/2017,2,34010009,Technokon Chemicals - Lahore,NA,02001004,Excepients,1,AQUASHINE MAGNS YELLOW,20,2000,40000,7/19/2017,7/11/2017
July 2017,7/21/2017,2,34010008,Brother Enterprises Limited ( BEL ) - ,NA,02001031,Excepients,1,Di Calcium Phosphate,50,380.26,19013,7/20/2017,7/20/2017
July 2017,7/21/2017,2,34010008,Brother Enterprises Limited ( BEL ) - ,NA,02001032,Excepients,1,MICRO CRYSTALLINE CELLULOSE 200,100,485.55,48555,7/20/2017,7/7/2017
July 2017,7/24/2017,1,34020007,Adv. #. 2958 - Glimepiride USP,NA,01001020,Active Material,1,GLIMEPIRIDE USP,3,52558.333,157675,7/20/2017,5/23/2017
July 2017,7/24/2017,2,34010002,Citi Pharma ( Pvt. ) Limited - Lahore,NA,01001004,Active Material,1,LEVOFLOXACINE HEMIHYDRATE,200,3650,730000,7/10/2017,7/5/2017
July 2017,7/24/2017,2,34010011,Hassan Ibrahim Printers - Faisalabad,NA,05007020,Packing Material,2,STICKERS MAGPRIDE 2MG,4800,1.2,5760,7/20/2017,7/13/2017
July 2017,7/24/2017,2,34010011,Hassan Ibrahim Printers - Faisalabad,NA,05007021,Packing Material,2,STICKERS MAGPRIDE 4MG,4600,1.2,5520,7/20/2017,7/13/2017
July 2017,7/24/2017,2,34010011,Hassan Ibrahim Printers - Faisalabad,NA,05007011,Packing Material,2,STICKER AMRIKCEN 20MG,4000,1.2,4800,7/24/2017,7/13/2017
July 2017,7/24/2017,2,34010011,Hassan Ibrahim Printers - Faisalabad,NA,05007022,Packing Material,2,STICKERS MONTIROZ,4600,1.2,5520,7/20/2017,7/13/2017
July 2017,7/24/2017,2,34010011,Hassan Ibrahim Printers - Faisalabad,NA,05003030,Packing Material,2,U/C MAGPRIDE TAB 1MG,6750,2.4,16200,7/24/2017,7/13/2017
July 2017,7/24/2017,2,34010011,Hassan Ibrahim Printers - Faisalabad,NA,05003033,Packing Material,2,U/C MAGPRIDE TAB 4MG,12900,2.4,30960,7/24/2017,7/24/2017
July 2017,7/24/2017,2,34010011,Hassan Ibrahim Printers - Faisalabad,NA,05003031,Packing Material,2,U/C MAGPRIDE TAB 2MG,11000,2.4,26400,7/24/2017,7/13/2017
July 2017,7/24/2017,2,34010011,Hassan Ibrahim Printers - Faisalabad,NA,05003032,Packing Material,2,U/C MAGPRIDE TAB 3MG,6850,2.4,16440,7/24/2017,7/13/2017
July 2017,7/24/2017,2,34010011,Hassan Ibrahim Printers - Faisalabad,NA,05003024,Packing Material,2,U/C C ZET TAB,36000,1.9,68400,7/17/2017,7/4/2017
July 2017,7/24/2017,2,34010011,Hassan Ibrahim Printers - Faisalabad,NA,05003027,Packing Material,2,U/C VIBECIN,11340,4.6,52164,7/24/2017,7/13/2017
July 2017,7/24/2017,2,34010011,Hassan Ibrahim Printers - Faisalabad,NA,05004004,Packing Material,2,LEAFLET VELOFT ,16000,0.35,5600,7/24/2017,7/13/2017
July 2017,7/24/2017,2,34010001,Saeed Printers - Lahore,NA,05002026,Packing Material,2,ALUMINIUM FOIL FLIRFEN 100MG TAB,31.2,950,29640,7/20/2017,7/13/2017
July 2017,7/24/2017,2,34010001,Saeed Printers - Lahore,NA,05002032,Packing Material,2,ALUMINIUM FOIL VELOFT 50MG TAB,31.6,950,30020,7/20/2017,7/13/2017
July 2017,7/24/2017,2,34010001,Saeed Printers - Lahore,NA,05002035,Packing Material,2,ALUMINIUM FOIL CZET TAB,31.4,950,29830,7/20/2017,7/13/2017
July 2017,7/24/2017,2,34010011,Hassan Ibrahim Printers - Faisalabad,NA,05003023,Packing Material,2,U/C VELOFT 50MG,32100,1.9,60990,7/17/2017,7/4/2017
July 2017,7/24/2017,2,34010011,Hassan Ibrahim Printers - Faisalabad,NA,05003008,Packing Material,2,U/C EKMA 20MG,30850,2.9,89465,7/24/2017,7/13/2017
July 2017,7/25/2017,2,34010012,Mak Kemikal - Karachi,NA,02001009,Excepients,1,MICRO CRYSTALLINE CELLULOSE 102,200,519.48,103896,7/25/2017,7/18/2017
July 2017,7/26/2017,2,34010023,A.M ITERNATIONAL,NA,02001033,Excepients,1,DRY STRAWERRY 3-X    (FLAVOUR),6,1200,7200,7/24/2017,7/13/2017
July 2017,7/26/2017,2,34010023,A.M ITERNATIONAL,NA,02001034,Excepients,1,DRY TUTTIFRUITY 3-X    (FLAVOUR),6,1200,7200,7/24/2017,7/13/2017
July 2017,7/26/2017,2,34010023,A.M ITERNATIONAL,NA,02001035,Excepients,1,DRY CHOCOLATE NK9-M (FLAVOUR),6,1340,8040,7/24/2017,7/13/2017
July 2017,7/27/2017,2,34010024,SKHAWAT ESSENCE ,NA,02001036 ,Excepients,1,POLY SUCCRALOSE,25,804,20100,7/24/2017,7/6/2017
July 2017,7/27/2017,2,34010025,STANDARD MANUFACTURING COMPANY(SMC),NA,02001037 ,Excepients,1,PURCOL BRILLIANT BLUE,1,1983.666,1983.67,7/27/2017,7/24/2017
July 2017,7/27/2017,2,34010025,STANDARD MANUFACTURING COMPANY(SMC),NA,02001038 ,Excepients,1,PURCOL TARTRAZINE,1,1983.666,1983.67,7/27/2017,7/24/2017
July 2017,7/27/2017,2,34010025,STANDARD MANUFACTURING COMPANY(SMC),NA,02001039 ,Excepients,1,PURCOL PONCEAU 4 RS,1,1983.666,1983.67,7/27/2017,7/24/2017
July 2017,7/27/2017,2,34010006,Pharma Caps - Karachi,NA,02002011,Excepients,1,ECS (D.BLU/D.BLU) 01,250000,0.22,55000,7/24/2017,7/12/2017
July 2017,7/27/2017,2,34010006,Pharma Caps - Karachi,NA,02002010,Excepients,1, ECS   (YELLOW/YELLO) 02,175000,0.21,36750,7/24/2017,7/12/2017
July 2017,7/27/2017,2,34010006,Pharma Caps - Karachi,NA,02002013,Excepients,1,ECS (ORANGE/ORANGE) 01,250000,0.22,55000,7/24/2017,7/12/2017
July 2017,7/27/2017,2,34010006,Pharma Caps - Karachi,NA,02002014,Excepients,1,ECS (BLU/D BLU) size 0,300000,0.235,70500,7/24/2017,7/12/2017
July 2017,7/27/2017,2,34010006,Pharma Caps - Karachi,NA,02002015,Excepients,1,ECS (MARON/MARON) 01,250000,0.22,55000,7/24/2017,7/12/2017
July 2017,7/28/2017,2,34010011,Hassan Ibrahim Printers - Faisalabad,NA,05004004,Packing Material,2,LEAFLET VELOFT ,24000,0.35,8400,7/27/2017,7/18/2017
July 2017,7/28/2017,2,34010011,Hassan Ibrahim Printers - Faisalabad,NA,05004001,Packing Material,2,LEAFLET CEFLOX,36000,0.35,12600,7/27/2017,7/18/2017
July 2017,7/28/2017,2,34010011,Hassan Ibrahim Printers - Faisalabad,NA,05007023,Packing Material,2,STICKERS MAGPRIDE 1MG,1700,1.2,2040,7/27/2017,7/18/2017
July 2017,7/28/2017,2,34010011,Hassan Ibrahim Printers - Faisalabad,NA,05007024,Packing Material,2,STICKERS MAGPRIDE 3MG,2100,1.2,2520,7/27/2017,7/18/2017
July 2017,7/28/2017,2,34010011,Hassan Ibrahim Printers - Faisalabad,NA,05007025,Packing Material,2,STICKERS CZET,3400,1.2,4080,7/27/2017,7/18/2017
July 2017,7/28/2017,2,34010011,Hassan Ibrahim Printers - Faisalabad,NA,05007026,Packing Material,2,STICKERS VELOFT SR 100MG TAB,3600,1.2,4320,7/27/2017,7/18/2017
July 2017,7/28/2017,2,34010011,Hassan Ibrahim Printers - Faisalabad,NA,05004018,Packing Material,2,LEAFLETS LIMYCIN CAP,24000,0.35,8400,7/27/2017,7/18/2017
July 2017,7/28/2017,2,34010014,Citizen Press,NA,05004021,Packing Material,2,LEAFLETS CLITHROCIN,24872,0.65,16166.8,7/26/2017,7/5/2017
July 2017,7/28/2017,2,34010011,Hassan Ibrahim Printers - Faisalabad,NA,05007019,Packing Material,2,STICKERS MAGCAM,4000,1.2,4800,7/27/2017,7/18/2017
July 2017,7/28/2017,2,34010014,Citizen Press,NA,05009001,Packing Material,2,Bottle Lable Clithrocin 125/5 ml,800,0.43,344,7/26/2017,7/5/2017
July 2017,7/28/2017,2,34010014,Citizen Press,NA,05009002,Packing Material,2,Bottle Lable Clithrocin 250/5 ml,800,0.43,344,7/26/2017,7/5/2017
July 2017,7/31/2017,2,34010020,SARINA THERMOPLASTICS ,NA,05006001,Packing Material,2,PVC 250mm,203,225,45675,7/29/2017,7/26/2017
July 2017,7/31/2017,2,34010012,Mak Kemikal - Karachi,NA,02001040,Excepients,1,METHOSIL K 15,20,0,0,7/28/2017,7/26/2017
July 2017,7/31/2017,2,34010012,Mak Kemikal - Karachi,NA,02001028,Excepients,1,TITANIUM DIOXIDE,75,572.13,42909.75,7/28/2017,7/24/2010
July 2017,7/31/2017,1,34020008,LC #. 3532 - Lincomycin,NA,01001016,Active Material,1,LINCOMYCIN HCL,114,5914.8245,674289.99,7/28/2017,4/20/2017
August 2017,8/1/2017,2,34010022,AL HAMD GRAVERS,NA,05002031,Packing Material,2,ALUMINIUM FOIL VIBECIN 100MG CAP,30.7,850,26095,7/20/2017,7/12/2017
August 2017,8/2/2017,2,34010014,Citizen Press,NA,05004022,Packing Material,2,LEAFLETS PRINSID TAB,50670,0.55,27868.5,7/27/2017,7/18/2017
August 2017,8/2/2017,2,34010027,PHARMAPLAST,NA,05008004,Packing Material,2,PLASTIC SPOON,12500,3.25,40625,8/2/2017,8/2/2017
August 2017,8/2/2017,2,34010027,PHARMAPLAST,NA,05008003,Packing Material,2,PLASTIC CAPS,9900,0.8,7920,8/2/2017,8/2/2017
August 2017,8/2/2017,2,34010027,PHARMAPLAST,NA,05008002,Packing Material,2,PLASTIC BOTTLE,11880,4,47520,8/2/2017,8/2/2017
August 2017,8/3/2017,2,34010014,Citizen Press,NA,05009001,Packing Material,2,Bottle Lable Clithrocin 125/5 ml,6250,0.43,2687.5,8/2/2017,7/5/2017
August 2017,8/3/2017,2,34010014,Citizen Press,NA,05009002,Packing Material,2,Bottle Lable Clithrocin 250/5 ml,4880,0.43,2098.4,8/2/2017,7/5/2017
August 2017,8/7/2017,2,34010011,Hassan Ibrahim Printers - Faisalabad,NA,05004019,Packing Material,2,LEAFLETS MAGCAM,64000,0.35,22400,8/3/2017,7/25/2017
August 2017,8/7/2017,2,34010011,Hassan Ibrahim Printers - Faisalabad,NA,05007027,Packing Material,2,STICKERS VELOFT EC 50MG TAB,1920,1.2,2304,8/3/2017,8/1/2017
August 2017,8/7/2017,2,34010011,Hassan Ibrahim Printers - Faisalabad,NA,05007028,Packing Material,2,STICKERS LIMYCIN,3600,1.2,4320,8/3/2017,8/1/2017
August 2017,8/7/2017,2,34010011,Hassan Ibrahim Printers - Faisalabad,NA,05007029,Packing Material,2,STICKERS PRINCID,1900,1.2,2280,8/3/2017,8/1/2017
August 2017,8/7/2017,2,34010011,Hassan Ibrahim Printers - Faisalabad,NA,05007030,Packing Material,2,STICKERS PRINCID FORTE,1275,1.2,1530,8/3/2017,8/1/2017
August 2017,8/7/2017,2,34010011,Hassan Ibrahim Printers - Faisalabad,NA,05007031,Packing Material,2,STICKERS CLITHRICIN 125MG,1800,1.2,2160,8/3/2017,8/1/2017
August 2017,8/7/2017,2,34010011,Hassan Ibrahim Printers - Faisalabad,NA,05007032,Packing Material,2,STICKERS CLITHRICIN 250MG,2040,1.2,2448,8/3/2017,8/1/2017
August 2017,8/7/2017,2,34010011,Hassan Ibrahim Printers - Faisalabad,NA,05007033,Packing Material,2,STICKERS FLIRFEN,1740,1.2,2088,8/3/2017,8/1/2017
August 2017,8/7/2017,2,34010011,Hassan Ibrahim Printers - Faisalabad,NA,05007034,Packing Material,2,STICKERS CFLOX 750 MG,1600,1.2,1920,8/3/2017,8/1/2017
August 2017,8/7/2017,2,34010011,Hassan Ibrahim Printers - Faisalabad,NA,05007035,Packing Material,2,STICKERS VEBICIN,1920,1.2,2304,8/3/2017,8/1/2017
August 2017,8/7/2017,2,34010011,Hassan Ibrahim Printers - Faisalabad,NA,05007013,Packing Material,2,STICKER PRAGALAX 50MG,2100,1.2,2520,8/3/2017,8/1/2017
August 2017,8/7/2017,2,34010011,Hassan Ibrahim Printers - Faisalabad,NA,05007014,Packing Material,2,STICKER PRAGALAX 75MG,1700,1.2,2040,8/3/2017,8/1/2017
August 2017,8/7/2017,2,34010011,Hassan Ibrahim Printers - Faisalabad,NA,05007015,Packing Material,2,STICKER PRAGALAX 100MG,1600,1.2,1920,8/3/2017,8/1/2017
August 2017,8/7/2017,2,34010011,Hassan Ibrahim Printers - Faisalabad,NA,05007016,Packing Material,2,STICKER PRAGALAX 150MG,1800,1.2,2160,8/3/2017,8/1/2017
August 2017,8/7/2017,2,34010011,Hassan Ibrahim Printers - Faisalabad,NA,05003034,Packing Material,2,U/C CFLOX 750MG,15500,2.9,44950,8/3/2017,8/1/2017
August 2017,8/7/2017,2,34010011,Hassan Ibrahim Printers - Faisalabad,NA,05003003,Packing Material,2,U/C MAGNS 20MG CAP,31050,2.9,90045,8/3/2017,7/25/2017
August 2017,8/8/2017,2,34010008,Brother Enterprises Limited ( BEL ) - ,NA,02001015,Excepients,1,ISO PROPYLE ALCOHOLE,320,200,64000,8/7/2017,8/1/2017
August 2017,8/10/2017,2,34010047,RAFHAN MAIZE PRODUCT CO LTD,NA,02001012,Excepients,1,STARCH,300,81.2,24360,8/8/2017,8/7/2017
August 2017,8/10/2017,2,34010008,Brother Enterprises Limited ( BEL ) - ,NA,02001007,Excepients,1,LECTOSE MONOHYDRATE,300,280,84000,8/8/2017,8/3/2017
August 2017,8/10/2017,2,34010011,Hassan Ibrahim Printers - Faisalabad,NA,05003009,Packing Material,2,U/C EKMA 40MG,30985,2.9,89856.5,8/8/2017,7/25/2017
August 2017,8/10/2017,2,34010011,Hassan Ibrahim Printers - Faisalabad,NA,05003024,Packing Material,2,U/C C ZET TAB,35220,1.9,66918,8/8/2017,7/29/2017
August 2017,8/10/2017,2,34010011,Hassan Ibrahim Printers - Faisalabad,NA,05003026,Packing Material,2,U/C PRINCED TAB 500MG,9720,5.5,53460,8/8/2017,7/4/2017
August 2017,8/11/2017,2,34010020,SARINA THERMOPLASTICS ,NA,05006001,Packing Material,2,PVC 250mm,360,225,81000,8/8/2017,7/26/2017
August 2017,8/11/2017,2,34010005,Jahangir Packages - Faisalabad,NA,05005001,Packing Material,2,MASTER SHIPPER MP-01,1029,44,45276,8/7/2017,7/25/2017
August 2017,8/15/2017,2,34010011,Hassan Ibrahim Printers - Faisalabad,NA,05003019,Packing Material,2,U/C FLIRFEN ,23050,2.35,54167.5,8/11/2017,7/26/2017
August 2017,8/15/2017,2,34010011,Hassan Ibrahim Printers - Faisalabad,NA,05003012,Packing Material,2,U/C MAFLEX 400MG,15000,2.9,43500,8/11/2017,7/5/2017
August 2017,8/16/2017,1,34020016,LC #. 8 (17-18) - BAFL-CNT#.-1929 - Piroxicam BCD,NA,01001010,Active Material,1,Piroxicam BCD,100,3755.26,375526,8/15/2017,7/24/2017
August 2017,8/21/2017,2,34010048,AL HAYYAT ENTERPRISES,NA,02002002,Excepients,1,ECS  (RED/RED) 02,170000,0.21,35700,8/9/2017,8/7/2017
August 2017,8/21/2017,2,34010048,AL HAYYAT ENTERPRISES,NA,02002007,Excepients,1,ECS (SCARLET/NATURAL) 01,140000,0.22,30800,8/11/2017,8/8/2017
August 2017,8/21/2017,2,34010001,Saeed Printers - Lahore,NA,05002001,Packing Material,2,ALUMINIUM FOIL VELOFT SR CAPSULE,32.2,950,30590,8/15/2017,7/25/2017
August 2017,8/21/2017,2,34010001,Saeed Printers - Lahore,NA,05002002,Packing Material,2,ALUMINIUM FOIL CEFLOX 250MG ,15,950,14250,8/17/2017,8/17/2017
August 2017,8/21/2017,2,34010001,Saeed Printers - Lahore,NA,05002020,Packing Material,2,ALUMINIUM FOIL MONTIROZ 10MG TAB,25.7,950,24415,8/17/2017,8/17/2017
August 2017,8/21/2017,2,34010001,Saeed Printers - Lahore,NA,05002010,Packing Material,2,ALUMINIUM FOIL FLUMAG,20.9,950,19855,8/15/2017,7/25/2017
August 2017,8/21/2017,2,34010001,Saeed Printers - Lahore,NA,05002016,Packing Material,2,ALUMINIUM FOIL Maflex,11.3,950,10735,8/17/2017,8/17/2017
August 2017,8/21/2017,2,34010001,Saeed Printers - Lahore,NA,05002006,Packing Material,2,ALUMINIUM FOIL MAGNS 20MG,41.7,950,39615,8/15/2017,7/25/2017
August 2017,8/21/2017,2,34010001,Saeed Printers - Lahore,NA,05002007,Packing Material,2,ALUMINIUM FOIL MAGNS 40MG ,39.8,950,37810,8/15/2017,7/25/2017
August 2017,8/21/2017,2,34010001,Saeed Printers - Lahore,NA,05002004,Packing Material,2,ALUMINIUM FOIL LEUFEX 250MG,14.7,950,13965,8/17/2017,8/17/2017
August 2017,8/21/2017,2,34010011,Hassan Ibrahim Printers - Faisalabad,NA,05003013,Packing Material,2,U/C MONTIROZ 10MG TAB,33800,2.9,98020,8/15/2017,7/25/2017
August 2017,8/21/2017,2,34010011,Hassan Ibrahim Printers - Faisalabad,NA,05003020,Packing Material,2,U/C MAGCAM ,3900,2.4,9360,8/15/2017,8/3/2017
August 2017,8/21/2017,2,34010011,Hassan Ibrahim Printers - Faisalabad,NA,05003020,Packing Material,2,U/C MAGCAM ,23400,2.4,56160,8/17/2017,8/3/2017
August 2017,8/21/2017,2,34010011,Hassan Ibrahim Printers - Faisalabad,NA,05003020,Packing Material,2,U/C MAGCAM ,6422,2.4,15412.8,8/17/2017,8/3/2017
August 2017,8/21/2017,2,34010011,Hassan Ibrahim Printers - Faisalabad,NA,05003018,Packing Material,2,U/C AMRIKCEN 20MG TAB,29520,2.4,70848,8/17/2017,7/26/2017
August 2017,8/21/2017,2,34010001,Saeed Printers - Lahore,NA,05002034,Packing Material,2,ALUMINIUM FOIL PRINSID FORTE TAB,29.8,950,28310,8/17/2017,8/17/2017
August 2017,8/21/2017,2,34010001,Saeed Printers - Lahore,NA,05002033,Packing Material,2,ALUMINIUM FOIL PRINSID TAB,31.7,950,30115,8/17/2017,8/17/2017
August 2017,8/21/2017,2,34010001,Saeed Printers - Lahore,NA,05002027,Packing Material,2,ALUMINIUM FOIL MAGCAM 20MG,50.7,950,48165,8/15/2017,8/3/2017
August 2017,8/21/2017,2,34010001,Saeed Printers - Lahore,NA,05002030,Packing Material,2,ALUMINIUM FOIL VELOFT SR 100MG TAB,31.1,1050,32655,8/17/2017,8/17/2017
August 2017,8/21/2017,2,34010001,Saeed Printers - Lahore,NA,05002026,Packing Material,2,ALUMINIUM FOIL FLIRFEN 100MG TAB,31.6,950,30020,8/15/2017,7/25/2017
August 2017,8/21/2017,2,34010001,Saeed Printers - Lahore,NA,05002025,Packing Material,2,ALUMINIUM FOIL AMRIKCEN 20MG TAB,52.5,950,49875,8/15/2017,8/9/2017
August 2017,8/21/2017,2,34010011,Hassan Ibrahim Printers - Faisalabad,NA,05003025,Packing Material,2,U/C PRINCED TAB 250MG ,9250,5.5,50875,8/17/2017,8/17/2017
August 2017,8/22/2017,2,34010006,Pharma Caps - Karachi,NA,02002005,Excepients,1,ECS (LTGREEN/LTGREEN) 02,525000,0.2149,112815,8/21/2017,7/31/2017
August 2017,8/22/2017,2,34010009,Technokon Chemicals - Lahore,NA,02001030,Excepients,1,OPASHINE ENTERIC (Orange),25,3000,75000,8/21/2017,8/11/2017
August 2017,8/22/2017,2,34010009,Technokon Chemicals - Lahore,NA,02001003,Excepients,1,AQUASHINE MAGNS BLUE,20,2000,40000,8/21/2017,8/15/2017
August 2017,8/23/2017,2,34010014,Citizen Press,NA,05009001,Packing Material,2,Bottle Lable Clithrocin 125/5 ml,4768,0.43,2050.24,8/22/2017,8/17/2017
August 2017,8/24/2017,2,34010024,SKHAWAT ESSENCE ,NA,02001043,Excepients,1,TETRAZINE LAKE COLOUR,5,2760,13800,8/23/2017,8/9/2017
August 2017,8/24/2017,2,34010011,Hassan Ibrahim Printers - Faisalabad,NA,05004005,Packing Material,2,LEAFLET EKMA,64000,0.35,22400,8/21/2017,8/16/2017
August 2017,8/24/2017,2,34010005,Jahangir Packages - Faisalabad,NA,05005006,Packing Material,2,MASTER SHIPPER MP-04,254,60,15240,8/3/2017,7/31/2017
August 2017,8/24/2017,2,34010016,HM LUCKY HOUSE,NA,05006001,Packing Material,2,PVC 250mm,104.2,230,23966,7/28/2017,7/25/2017
August 2017,8/24/2017,2,34010011,Hassan Ibrahim Printers - Faisalabad,NA,05007022,Packing Material,2,STICKERS MONTIROZ,3200,1.2,3840,8/21/2017,7/25/2017
August 2017,8/24/2017,2,34010011,Hassan Ibrahim Printers - Faisalabad,NA,05003003,Packing Material,2,U/C MAGNS 20MG CAP,12000,2.9,34800,8/7/2017,7/25/2017
August 2017,8/27/2017,2,34010022,AL HAMD GRAVERS,NA,05002031,Packing Material,2,ALUMINIUM FOIL VIBECIN 100MG CAP,30,850,25500,8/11/2017,8/7/2017
August 2017,8/27/2017,2,34010011,Hassan Ibrahim Printers - Faisalabad,NA,05003010,Packing Material,2,U/C FLUMAG,34722,2.4,83332.8,8/26/2017,8/3/2017
August 2017,8/27/2017,2,34010011,Hassan Ibrahim Printers - Faisalabad,NA,05003006,Packing Material,2,U/C LEUFEX 500MG TABS,19500,2.9,56550,8/25/2017,8/3/2017
August 2017,8/27/2017,2,34010020,SARINA THERMOPLASTICS ,NA,05006001,Packing Material,2,PVC 250mm,200,225,45000,8/23/2017,7/28/2017
August 2017,8/27/2017,2,34010014,Citizen Press,NA,05004010,Packing Material,2,LEAFLETS MAGPRIDE,13900,0.65,9035,8/23/2017,8/8/2017
August 2017,8/27/2017,2,34010008,Brother Enterprises Limited ( BEL ) - ,NA,02001009,Excepients,1,MICRO CRYSTALLINE CELLULOSE 102,300,425,127500,8/26/2017,8/24/2017
August 2017,8/27/2017,2,34010008,Brother Enterprises Limited ( BEL ) - ,NA,02001010,Excepients,1,PVP K30,100,630,63000,8/26/2017,8/18/2017
August 2017,8/27/2017,2,34010008,Brother Enterprises Limited ( BEL ) - ,NA,02001011,Excepients,1,SODUIM STARCH GLYCOLATE,100,532,53200,8/26/2017,8/18/2017
August 2017,8/27/2017,2,34010008,Brother Enterprises Limited ( BEL ) - ,NA,02001024,Excepients,1,SUGAR (MICRONIZED),350,155,54250,8/26/2017,8/22/2017
August 2017,8/28/2017,2,34010003,Vision Pharmaceuticals - Islamabad,NA,01001011,Active Material,1,CLITHROMYCIN TASTE MASK PELLETS 27.5%,50,10200,510000,8/27/2017,8/15/2017
August 2017,8/28/2017,1,34020009,LC #. 1 (17-18) - BAFL-6115 - Montelukast Sodium,NA,01001008,Active Material,1,Monteluskast Sodium,10,55214.2,552142,8/27/2017,7/17/2017
August 2017,8/29/2017,2,34010011,Hassan Ibrahim Printers - Faisalabad,NA,05004006,Packing Material,2,LEAFLET FLUMAG,64000,0.35,22400,8/27/2017,8/16/2017
August 2017,8/29/2017,2,34010011,Hassan Ibrahim Printers - Faisalabad,NA,05003022,Packing Material,2,U/C CLITHROCIN 125MG/ 5ml,6000,3,18000,8/28/2017,8/24/2017
August 2017,8/29/2017,2,34010014,Citizen Press,NA,05009001,Packing Material,2,Bottle Lable Clithrocin 125/5 ml,16400,0.43,7052,8/28/2017,8/23/2017
August 2017,8/29/2017,2,34010027,PHARMAPLAST,NA,05008005,Packing Material,2,BOTTLE SEAL,66000,0.1795,11850,8/28/2017,8/28/2017
August 2017,8/29/2017,2,34010027,PHARMAPLAST,NA,05008002,Packing Material,2,PLASTIC BOTTLE,10120,4,40480,8/28/2017,8/28/2017
August 2017,8/30/2017,2,34010001,Saeed Printers - Lahore,NA,05002006,Packing Material,2,ALUMINIUM FOIL MAGNS 20MG,47,950,44650,8/30/2017,8/17/2017
September 2017,9/6/2017,2,34010014,Citizen Press,NA,05004009,Packing Material,2,LEAFLETS MONTIROZ,52050,0.35,18217.5,8/30/2017,8/3/2017
September 2017,9/6/2017,2,34010014,Citizen Press,NA,05004010,Packing Material,2,LEAFLETS MAGPRIDE,11400,0.65,7410,8/30/2017,8/30/2017
September 2017,9/6/2017,2,34010014,Citizen Press,NA,05004021,Packing Material,2,LEAFLETS CLITHROCIN,30200,0.65,19630,8/30/2017,8/30/2017
September 2017,9/7/2017,2,34010016,HM LUCKY HOUSE,NA,05006001,Packing Material,2,PVC 250mm,300,235,70500,8/27/2017,8/25/2017
September 2017,9/7/2017,2,34010020,SARINA THERMOPLASTICS ,NA,05006004,Packing Material,2,PVDC 250mm,280,240,67200,8/30/2017,7/7/2017
September 2017,9/7/2017,2,34010011,Hassan Ibrahim Printers - Faisalabad,NA,05003026,Packing Material,2,U/C PRINCED TAB 500MG,4500,5.5,24750,8/27/2017,8/23/2017
September 2017,9/7/2017,2,34010011,Hassan Ibrahim Printers - Faisalabad,NA,05003007,Packing Material,2,U/C VELOFT 100MG SR CAP,27575,2.4,66180,8/27/2017,8/9/2017
September 2017,9/7/2017,2,34010001,Saeed Printers - Lahore,NA,05002032,Packing Material,2,ALUMINIUM FOIL VELOFT 50MG TAB,25,950,23750,9/6/2017,8/11/2017
September 2017,9/7/2017,2,34010001,Saeed Printers - Lahore,NA,05002033,Packing Material,2,ALUMINIUM FOIL PRINSID TAB,23,950,21850,9/6/2017,8/24/2017
September 2017,9/7/2017,2,34010001,Saeed Printers - Lahore,NA,05002034,Packing Material,2,ALUMINIUM FOIL PRINSID FORTE TAB,144,950,136800,9/6/2017,8/24/2017
September 2017,9/7/2017,2,34010001,Saeed Printers - Lahore,NA,05002010,Packing Material,2,ALUMINIUM FOIL FLUMAG,27,950,25650,9/6/2017,8/21/2017
September 2017,9/7/2017,2,34010012,Mak Kemikal - Karachi,NA,02001040,Excepients,1,METHOSIL K 15,25,1702.36,42559,8/28/2017,8/26/2017
September 2017,9/7/2017,2,34010006,Pharma Caps - Karachi,NA,02002012,Excepients,1,ECS  (BLU/BLU) 01,125000,0.2268,28355,9/7/2017,8/28/2017
September 2017,9/7/2017,1,34020015,LC #. 7 (17-18) - BAFL-6306 - Pregabalin in House,NA,01001007,Active Material,1,Pregabalin,25,10928.64,273216,9/6/2017,7/21/2017
September 2017,9/7/2017,1,34020017,LC #. 9 (17-18) - BAFL-6319 - Lincomycin HCL,NA,01001016,Active Material,1,LINCOMYCIN HCL,114,6371.9035,726397,9/6/2017,7/24/2017
September 2017,9/7/2017,2,34010027,PHARMAPLAST,NA,05008003,Packing Material,2,PLASTIC CAPS,16000,1,16000,8/28/2017,8/28/2017
September 2017,9/8/2017,2,34010011,Hassan Ibrahim Printers - Faisalabad,NA,05003003,Packing Material,2,U/C MAGNS 20MG CAP,10350,2.9,30015,9/8/2017,8/17/2017
September 2017,9/13/2017,1,34020011,LC #. 3 (17-18) - BAFL-6117 - Piroxicam BCD,NA,01001010,Active Material,1,Piroxicam BCD,100,1784.33,178433,8/30/2017,7/17/2017
September 2017,9/13/2017,1,34020011,LC #. 3 (17-18) - BAFL-6117 - Piroxicam BCD,NA,01001010,Active Material,1,Piroxicam BCD,200,1784.33,356866,8/30/2017,7/17/2017
September 2017,9/14/2017,2,34010023,A.M ITERNATIONAL,NA,02001034,Excepients,1,DRY TUTTIFRUITY 3-X    (FLAVOUR),5,1200,6000,9/8/2017,9/8/2017
September 2017,9/14/2017,2,34010011,Hassan Ibrahim Printers - Faisalabad,NA,05003003,Packing Material,2,U/C MAGNS 20MG CAP,20050,2.9,58145,9/11/2017,8/17/2017
September 2017,9/14/2017,2,34010001,Saeed Printers - Lahore,NA,05002026,Packing Material,2,ALUMINIUM FOIL FLIRFEN 100MG TAB,34,950,32300,9/11/2017,8/28/2017
September 2017,9/14/2017,2,34010011,Hassan Ibrahim Printers - Faisalabad,NA,05003023,Packing Material,2,U/C VELOFT 50MG,16000,2.4,38400,9/13/2017,8/11/2017
September 2017,9/14/2017,2,34010011,Hassan Ibrahim Printers - Faisalabad,NA,05003028,Packing Material,2,U/C LIMYCIN CAP,32650,1.75,57137.5,9/11/2017,8/30/2017
September 2017,9/14/2017,2,34010011,Hassan Ibrahim Printers - Faisalabad,NA,05004004,Packing Material,2,LEAFLET VELOFT ,64000,0.35,22400,9/11/2017,8/11/2017
September 2017,9/14/2017,2,34010011,Hassan Ibrahim Printers - Faisalabad,NA,05004018,Packing Material,2,LEAFLETS LIMYCIN CAP,32000,0.35,11200,9/11/2017,8/30/2017
September 2017,9/15/2017,2,34010006,Pharma Caps - Karachi,NA,02002009,Excepients,1,ECS(BLUE/D.BLUE) 02,438000,0.2146,94013,9/12/2017,8/30/2017
September 2017,9/15/2017,2,34010047,RAFHAN MAIZE PRODUCT CO LTD,NA,02001012,Excepients,1,STARCH,500,81.2,40600,9/13/2017,9/8/2017
September 2017,9/18/2017,2,34010001,Saeed Printers - Lahore,NA,05002015,Packing Material,2,ALUMINIUM FOIL Zaracin ,16,950,15200,9/14/2017,8/30/2017
September 2017,9/18/2017,2,34010011,Hassan Ibrahim Printers - Faisalabad,NA,05003026,Packing Material,2,U/C PRINCED TAB 500MG,5300,5.5,29150,9/8/2017,8/23/2017
September 2017,9/18/2017,2,34010011,Hassan Ibrahim Printers - Faisalabad,NA,05003023,Packing Material,2,U/C VELOFT 50MG,17650,2.4,42360,9/14/2017,8/11/2017
September 2017,9/18/2017,2,34010011,Hassan Ibrahim Printers - Faisalabad,NA,05003022,Packing Material,2,U/C CLITHROCIN 125MG/ 5ml,5600,3,16800,9/8/2017,8/24/2017
September 2017,9/18/2017,2,34010011,Hassan Ibrahim Printers - Faisalabad,NA,05003006,Packing Material,2,U/C LEUFEX 500MG TABS,30700,2.9,89030,9/14/2017,8/3/2017
September 2017,9/18/2017,2,34010001,Saeed Printers - Lahore,NA,05002025,Packing Material,2,ALUMINIUM FOIL AMRIKCEN 20MG TAB,11,950,10450,9/14/2017,8/30/2017
September 2017,9/18/2017,2,34010001,Saeed Printers - Lahore,NA,05002029,Packing Material,2,ALUMINIUM FOIL LIMYCIN CAP,20,950,19000,9/14/2017,8/30/2017
September 2017,9/18/2017,2,34010001,Saeed Printers - Lahore,NA,05002032,Packing Material,2,ALUMINIUM FOIL VELOFT 50MG TAB,31,937.74,29069.94,9/14/2017,8/30/2017
September 2017,9/18/2017,2,34010011,Hassan Ibrahim Printers - Faisalabad,NA,05003003,Packing Material,2,U/C MAGNS 20MG CAP,565,2.9,1638.5,9/15/2017,8/2/2017
September 2017,9/18/2017,2,34010011,Hassan Ibrahim Printers - Faisalabad,NA,05003005,Packing Material,2,U/C LEUFEX 250MG TABS,31100,2.9,90190,9/14/2017,8/3/2017
September 2017,9/18/2017,2,34010001,Saeed Printers - Lahore,NA,05002035,Packing Material,2,ALUMINIUM FOIL CZET TAB,25,950,23750,9/14/2017,8/30/2017
September 2017,9/19/2017,2,34010022,AL HAMD GRAVERS,NA,05002031,Packing Material,2,ALUMINIUM FOIL VIBECIN 100MG CAP,50.05,850,42542.5,9/18/2017,8/30/2017
September 2017,9/19/2017,2,34010011,Hassan Ibrahim Printers - Faisalabad,NA,05003024,Packing Material,2,U/C C ZET TAB,20800,1.9,39520,9/19/2017,8/30/2017
September 2017,9/19/2017,2,34010005,Jahangir Packages - Faisalabad,NA,05005001,Packing Material,2,MASTER SHIPPER MP-01,1030,44,45320,9/15/2017,9/11/2017
September 2017,9/19/2017,2,34010005,Jahangir Packages - Faisalabad,NA,05005002,Packing Material,2,MASTER SHIPPER MP-02,1066,50,53300,9/15/2017,9/11/2017
September 2017,9/19/2017,2,34010014,Citizen Press,NA,05004013,Packing Material,2,LEAFLETS AMRIKCEN TAB,51380,0.35,17983,9/19/2017,9/7/2017
September 2017,9/19/2017,2,34010020,SARINA THERMOPLASTICS ,NA,05006001,Packing Material,2,PVC 250mm,565,225,127125,9/15/2017,8/10/2017
September 2017,9/19/2017,2,34010020,SARINA THERMOPLASTICS ,NA,05006001,Packing Material,2,PVC 250mm,731.3,225,164542.5,9/19/2017,9/15/2017
September 2017,9/19/2017,2,34010004,Ali Trading Company - Lahore,NA,05001001,Packing Material,2,ALU/ALU 250mm (160 micron),953,670,638510,9/12/2017,9/7/2017
September 2017,9/19/2017,2,34010006,Pharma Caps - Karachi,NA,02002011,Excepients,1,ECS (D.BLU/D.BLU) 01,125000,0.2268,28355,9/15/2017,7/31/2017
September 2017,9/19/2017,1,34020010,LC #. 2 (17-18) - BAFL-6116 - Mefenamic Acid ,NA,01001019,Active Material,1,MEFENAMIC ACID,1000,1037.754,1037754,9/15/2017,7/17/2017
September 2017,9/19/2017,2,34010003,Vision Pharmaceuticals - Islamabad,NA,01001011,Active Material,1,CLITHROMYCIN TASTE MASK PELLETS 27.5%,25,10200,255000,9/8/2017,8/18/2017
September 2017,9/19/2017,2,34010027,PHARMAPLAST,NA,05008004,Packing Material,2,PLASTIC SPOON,10000,3.5,35000,9/18/2017,9/14/2017
September 2017,9/20/2017,2,34010001,Saeed Printers - Lahore,NA,05002021,Packing Material,2,ALUMINIUM FOIL PRAGALAX 50MG,20,950,19000,9/20/2017,9/14/2017
September 2017,9/20/2017,2,34010001,Saeed Printers - Lahore,NA,05002022,Packing Material,2,ALUMINIUM FOIL PRAGALAX 75MG,20,950,19000,9/20/2017,9/14/2017
September 2017,9/20/2017,2,34010001,Saeed Printers - Lahore,NA,05002033,Packing Material,2,ALUMINIUM FOIL PRINSID TAB,50,950,47500,9/20/2017,9/14/2017
September 2017,9/20/2017,2,34010001,Saeed Printers - Lahore,NA,05002034,Packing Material,2,ALUMINIUM FOIL PRINSID FORTE TAB,50,950,47500,9/20/2017,9/14/2017
September 2017,9/22/2017,2,34010011,Hassan Ibrahim Printers - Faisalabad,NA,05003002,Packing Material,2,U/C CEFLOX 500MG TABS,36000,2.9,104400,9/22/2017,9/11/2017
September 2017,9/22/2017,2,34010011,Hassan Ibrahim Printers - Faisalabad,NA,05003002,Packing Material,2,U/C CEFLOX 500MG TABS,19000,2.9,55100,9/22/2017,9/11/2017
September 2017,9/22/2017,2,34010011,Hassan Ibrahim Printers - Faisalabad,NA,05003011,Packing Material,2,U/C ZARACIN 250MG CAP,55600,2.9,161240,9/22/2017,8/30/2017
September 2017,9/22/2017,2,34010040,TRUST LAB SUPPLY CORPORATION,NA,02001040 ,Excepients,1,METHOSIL K 15,10,650,6500,9/22/2017,9/22/2017
September 2017,9/22/2017,2,34010025,STANDARD MANUFACTURING COMPANY(SMC),NA,02001038 ,Excepients,1,PURCOL TARTRAZINE,3,900,2700,9/20/2017,9/14/2017
September 2017,9/22/2017,1,34020014,LC #. 6 (17-18) - BAFL-6247 - Flurbiprofen,NA,01001012,Active Material,1,Flurbiprofen,50,10384.08,519204,9/19/2017,7/20/2017
September 2017,9/22/2017,1,34020013,LC #. 5 (17-18) - BAFL-6159 - Moxifloxacin HCL,NA,01001009,Active Material,1,Moxifloxcin HCL,50,16823.14,841157,9/15/2017,7/18/2017
September 2017,9/22/2017,2,34010008,Brother Enterprises Limited ( BEL ) - ,NA,02001013,Excepients,1,TALCUM POWDER,50,40,2000,9/21/2017,9/21/2017
September 2017,9/23/2017,2,34010048,AL HAYYAT ENTERPRISES,NA,02002002,Excepients,1,ECS  (RED/RED) 02,170000,0.21,35700,9/22/2017,8/30/2017
September 2017,9/25/2017,1,34020025,LC #. 17(17-18) - BAFL-6890 - Doxycycline USP,NA,01001017,Active Material,1,DOXYCYCLINE HYCLATE,150,5624.4067,843661,9/23/2017,8/9/2017
September 2017,9/26/2017,1,34020012,LC #. 4 (17-18) - BAFL-6118 - Lincomycin USP,NA,01001016,Active Material,1,LINCOMYCIN HCL,296.4,5563.9238,1649147,9/23/2017,7/17/2017
September 2017,9/27/2017,2,34010011,Hassan Ibrahim Printers - Faisalabad,NA,05003025,Packing Material,2,U/C PRINCED TAB 250MG ,5800,5.5,31900,9/26/2017,8/23/2017
September 2017,9/28/2017,2,34010011,Hassan Ibrahim Printers - Faisalabad,NA,05003018,Packing Material,2,U/C AMRIKCEN 20MG TAB,11200,2.4,26880,9/28/2017,8/30/2017
September 2017,9/28/2017,2,34010001,Saeed Printers - Lahore,NA,05002035,Packing Material,2,ALUMINIUM FOIL CZET TAB,28,950,26600,9/28/2017,9/22/2017
September 2017,9/28/2017,2,34010001,Saeed Printers - Lahore,NA,05002012,Packing Material,2,ALUMINIUM FOIL MAGPRIDE 2MG,11,950,10450,9/28/2017,9/22/2017
September 2017,9/28/2017,2,34010001,Saeed Printers - Lahore,NA,05002008,Packing Material,2,ALUMINIUM FOIL EKMA 20MG,33,950,31350,9/28/2017,9/20/2017
October 2017,10/2/2017,2,34010008,Brother Enterprises Limited ( BEL ) - ,NA,02001013,Excepients,1,TALCUM POWDER,200,40,8000,9/28/2017,8/18/2017
October 2017,10/2/2017,2,34010008,Brother Enterprises Limited ( BEL ) - ,NA,02001007,Excepients,1,LECTOSE MONOHYDRATE,500,280,140000,9/28/2017,9/25/2017
October 2017,10/3/2017,2,34010011,Hassan Ibrahim Printers - Faisalabad,NA,05003027,Packing Material,2,U/C VIBECIN,4900,4.6,22540,10/3/2017,8/30/2017
October 2017,10/3/2017,2,34010005,Jahangir Packages - Faisalabad,NA,05005006,Packing Material,2,MASTER SHIPPER MP-04,545,60,32700,10/2/2017,9/19/2017
October 2017,10/4/2017,2,34010014,Citizen Press,NA,05004008,Packing Material,2,LEAFLETS CZET ,101900,0.35,35665,10/3/2017,9/22/2017
October 2017,10/4/2017,2,34010014,Citizen Press,NA,05004007,Packing Material,2,LEAFLETS MEFLEX,10338,1.4,14473.2,10/3/2017,9/22/2017
October 2017,10/4/2017,2,34010001,Saeed Printers - Lahore,NA,05002024,Packing Material,2,ALUMINIUM FOIL PRAGALAX 150MG,20,950,19000,9/20/2017,9/14/2017
October 2017,10/4/2017,2,34010001,Saeed Printers - Lahore,NA,05002023,Packing Material,2,ALUMINIUM FOIL PRAGALAX 100MG,20,950,19000,9/20/2017,9/14/2017
October 2017,10/4/2017,2,34010011,Hassan Ibrahim Printers - Faisalabad,NA,05003024,Packing Material,2,U/C C ZET TAB,37200,1.9,70680,9/20/2017,8/30/2017
October 2017,10/6/2017,2,34010008,Brother Enterprises Limited ( BEL ) - ,NA,02001011,Excepients,1,SODUIM STARCH GLYCOLATE,200,532,106400,10/5/2017,9/28/2017
October 2017,10/6/2017,1,34020020,LC #. 12(17-18) - BAFL-6659 - Montelukast Sodium,NA,01001008,Active Material,1,Monteluskast Sodium,10,54998.4,549984,9/27/2017,8/2/2017
October 2017,10/9/2017,1,34020021,LC #. 13(17-18) - BAFL-6660 - Levofloxacin,NA,01001004,Active Material,1,LEVOFLOXACINE HEMIHYDRATE,200,3431.4,686280,10/5/2017,8/2/2017
October 2017,10/9/2017,1,34020021,LC #. 13(17-18) - BAFL-6660 - Levofloxacin,NA,01001004,Active Material,1,LEVOFLOXACINE HEMIHYDRATE,100,3431.4,343140,10/5/2017,8/2/2017
October 2017,10/9/2017,2,34010004,Ali Trading Company - Lahore,NA,05001001,Packing Material,2,ALU/ALU 250mm (160 micron),490,670,328300,10/9/2017,9/28/2017
October 2017,10/9/2017,2,34010011,Hassan Ibrahim Printers - Faisalabad,NA,05003024,Packing Material,2,U/C C ZET TAB,55384,1.9,105229.6,10/9/2017,9/22/2017
October 2017,10/9/2017,2,34010018,HANAN PRINTERS,NA,05004008,Packing Material,2,LEAFLETS CZET ,105100,0,0,7/14/2017,6/21/2017
October 2017,10/9/2017,2,34010018,HANAN PRINTERS,NA,05004012,Packing Material,2,LEAFLETS PREGALAX,86100,0,0,7/14/2017,6/21/2017
October 2017,10/9/2017,2,34010014,Citizen Press,NA,05009002,Packing Material,2,Bottle Lable Clithrocin 250/5 ml,5328,0.43,2291.04,10/9/2017,9/22/2017
October 2017,10/10/2017,1,34020022,LC #. 14(17-18) - BAFL-6661 - Cetrizine,NA,01001013,Active Material,1,Cetirizine 2 HCL,25,6559.16,163979,9/27/2017,8/2/2017
October 2017,10/10/2017,2,34010008,Brother Enterprises Limited ( BEL ) - ,NA,02001009,Excepients,1,MICRO CRYSTALLINE CELLULOSE 102,300,425,127500,10/5/2017,9/28/2017
October 2017,10/11/2017,2,34010008,Brother Enterprises Limited ( BEL ) - ,NA,02001015,Excepients,1,ISO PROPYLE ALCOHOLE,160,200,32000,10/5/2017,9/28/2017
October 2017,10/11/2017,1,34020024,LC #. 16(17-18) - BAFL-6837 - Mefenamic Acid BP,NA,01001019,Active Material,1,MEFENAMIC ACID,1000,1038.363,1038363,10/5/2017,8/9/2017
October 2017,10/11/2017,2,34010001,Saeed Printers - Lahore,NA,05002020,Packing Material,2,ALUMINIUM FOIL MONTIROZ 10MG TAB,27,950,25650,10/10/2017,9/28/2017
October 2017,10/11/2017,2,34010023,A.M ITERNATIONAL,NA,02001035,Excepients,1,DRY CHOCOLATE NK9-M (FLAVOUR),10,1340,13400,10/5/2017,9/27/2017
October 2017,10/11/2017,2,34010023,A.M ITERNATIONAL,NA,02001034,Excepients,1,DRY TUTTIFRUITY 3-X    (FLAVOUR),10,1200,12000,10/4/2017,9/22/2017
October 2017,10/11/2017,2,34010023,A.M ITERNATIONAL,NA,02001033,Excepients,1,DRY STRAWERRY 3-X    (FLAVOUR),10,1200,12000,10/4/2017,9/22/2017
October 2017,10/11/2017,2,34010006,Pharma Caps - Karachi,NA,02002006,Excepients,1,ECS (PURPLE/PURPLE) 02,525000,0.21,110250,10/10/2017,10/3/2017
October 2017,10/11/2017,2,34010011,Hassan Ibrahim Printers - Faisalabad,NA,05004001,Packing Material,2,LEAFLET CEFLOX,64000,0.35,22400,10/10/2017,9/19/2017
October 2017,10/11/2017,2,34010011,Hassan Ibrahim Printers - Faisalabad,NA,05003012,Packing Material,2,U/C MAFLEX 400MG,7550,2.9,21895,10/11/2017,10/3/2017
October 2017,10/12/2017,2,34010005,Jahangir Packages - Faisalabad,NA,05005003,Packing Material,2,MASTER SHIPPER MP-03,1030,36,37080,10/2/2017,9/14/2017
October 2017,10/12/2017,1,34020019,LC #. 11(17-18) - BAFL-6367 - Azithromycin,NA,01001015,Active Material,1,Azithromycin Dihydrate USP,50,9593.72,479686,10/9/2017,7/25/2017
October 2017,10/13/2017,2,34010003,Vision Pharmaceuticals - Islamabad,NA,01001003,Active Material,1,DICLOFENAC SOD.SR PELLETS 32%,50,1550,77500,10/9/2017,10/6/2017
October 2017,10/13/2017,2,34010002,Citi Pharma ( Pvt. ) Limited - Lahore,NA,01001001,Active Material,1,CIPROFLOCXACIN HCL,300,2900,870000,10/10/2017,10/6/2017
October 2017,10/13/2017,2,34010011,Hassan Ibrahim Printers - Faisalabad,NA,05003031,Packing Material,2,U/C MAGPRIDE TAB 2MG,16800,2.4,40320,10/13/2017,9/22/2017
October 2017,10/13/2017,2,34010027,PHARMAPLAST,NA,05008004,Packing Material,2,PLASTIC SPOON,20000,3.5,70000,10/13/2017,9/20/2017
October 2017,10/16/2017,2,34010011,Hassan Ibrahim Printers - Faisalabad,NA,05003027,Packing Material,2,U/C VIBECIN,6000,4.6,27600,10/13/2017,8/30/2017
October 2017,10/16/2017,2,34010011,Hassan Ibrahim Printers - Faisalabad,NA,05003001,Packing Material,2,U/C CEFLOX 250MG TABS,5500,2.9,15950,10/13/2017,10/10/2017
October 2017,10/16/2017,1,34020018,LC #. 10(17-18) - BAFL-6323 - Doxycline,NA,01001017,Active Material,1,DOXYCYCLINE HYCLATE,100,5469.52,546952,10/9/2017,7/24/2017
October 2017,10/16/2017,1,34020018,LC #. 10(17-18) - BAFL-6323 - Doxycline,NA,01001017,Active Material,1,DOXYCYCLINE HYCLATE,50,5469.52,273476,10/9/2017,7/24/2017
October 2017,10/16/2017,2,34010006,Pharma Caps - Karachi,NA,02002005,Excepients,1,ECS (LTGREEN/LTGREEN) 02,350000,0.21,73500,10/3/2017,9/23/2017
October 2017,10/16/2017,2,34010006,Pharma Caps - Karachi,NA,02002009,Excepients,1,ECS(BLUE/D.BLUE) 02,350000,0.2149,75210,10/13/2017,8/30/2017
October 2017,10/17/2017,2,34010048,AL HAYYAT ENTERPRISES,NA,02002002,Excepients,1,ECS  (RED/RED) 02,170000,0.21,35700,10/16/2017,10/13/2017
October 2017,10/17/2017,2,34010004,Ali Trading Company - Lahore,NA,05001001,Packing Material,2,ALU/ALU 250mm (160 micron),475,670,318250,10/16/2017,9/28/2017
October 2017,10/17/2017,2,34010009,Technokon Chemicals - Lahore,NA,02001004,Excepients,1,AQUASHINE MAGNS YELLOW,25,2000,50000,10/16/2017,10/11/2017
October 2017,10/17/2017,2,34010011,Hassan Ibrahim Printers - Faisalabad,NA,05003001,Packing Material,2,U/C CEFLOX 250MG TABS,18050,2.9,52345,10/16/2017,10/10/2017
October 2017,10/19/2017,2,34010008,Brother Enterprises Limited ( BEL ) - ,NA,02001015,Excepients,1,ISO PROPYLE ALCOHOLE,160,200,32000,10/18/2017,10/11/2017
October 2017,10/19/2017,2,34010040,TRUST LAB SUPPLY CORPORATION,NA,02001014,Excepients,1,POLITHYLINE GLYCOLATE,25,600,15000,10/16/2017,10/13/2017
October 2017,10/19/2017,2,34010003,Vision Pharmaceuticals - Islamabad,NA,01001011,Active Material,1,CLITHROMYCIN TASTE MASK PELLETS 27.5%,42,10200,428400,10/16/2017,9/6/2017
October 2017,10/19/2017,2,34010040,TRUST LAB SUPPLY CORPORATION,NA,02001045,Excepients,1,SODIUM LAURYL SULPHATE,10,650,6500,10/16/2017,10/12/2017
October 2017,10/23/2017,2,34010047,RAFHAN MAIZE PRODUCT CO LTD,NA,02001012,Excepients,1,STARCH,500,81.2,40600,10/20/2017,10/17/2017
October 2017,10/24/2017,2,34010008,Brother Enterprises Limited ( BEL ) - ,NA,02001010,Excepients,1,PVP K30,100,630,63000,10/23/2017,10/18/2017
October 2017,10/24/2017,2,34010006,Pharma Caps - Karachi,NA,02002006,Excepients,1,ECS (PURPLE/PURPLE) 02,350000,0.21,73500,10/23/2017,10/13/2017
October 2017,10/24/2017,2,34010006,Pharma Caps - Karachi,NA,02002014,Excepients,1,ECS (BLU/D BLU) size 0,300000,0.235,70500,10/23/2017,10/13/2017
October 2017,10/24/2017,2,34010006,Pharma Caps - Karachi,NA,02002012,Excepients,1,ECS  (BLU/BLU) 01,125000,0.22,27500,10/23/2017,10/17/2017
October 2017,10/24/2017,2,34010001,Saeed Printers - Lahore,NA,05002003,Packing Material,2,ALUMINIUM FOIL CFLOX 500MG ,26.44,950,25118,10/24/2017,10/13/2017
October 2017,10/24/2017,2,34010001,Saeed Printers - Lahore,NA,05002009,Packing Material,2,ALUMINIUM FOIL EKMA 40MG,25,950,23750,10/24/2017,10/13/2017
October 2017,10/24/2017,2,34010011,Hassan Ibrahim Printers - Faisalabad,NA,05003009,Packing Material,2,U/C EKMA 40MG,15000,2.9,43500,10/23/2017,10/13/2017
October 2017,10/24/2017,2,34010011,Hassan Ibrahim Printers - Faisalabad,NA,05003023,Packing Material,2,U/C VELOFT 50MG,34275,1.9,65122.5,10/24/2017,10/12/2017
October 2017,10/24/2017,2,34010011,Hassan Ibrahim Printers - Faisalabad,NA,05003021,Packing Material,2,U/C CLITHROCIN 250MG/ 5ml,5350,3,16050,10/20/2017,9/22/2017
October 2017,10/24/2017,2,34010011,Hassan Ibrahim Printers - Faisalabad,NA,05003022,Packing Material,2,U/C CLITHROCIN 125MG/ 5ml,11385,3,34155,10/20/2017,9/22/2017
October 2017,10/25/2017,2,34010001,Saeed Printers - Lahore,NA,05002033,Packing Material,2,ALUMINIUM FOIL PRINSID TAB,50.82,950,48279,10/24/2017,10/11/2017
October 2017,10/25/2017,2,34010008,Brother Enterprises Limited ( BEL ) - ,NA,02001024,Excepients,1,SUGAR (MICRONIZED),300,155,46500,10/19/2017,10/16/2017
October 2017,10/25/2017,1,34020028,LC #. 20(17-18) - BAFL-7228 - Moxifloxacin HCL,NA,01001009,Active Material,1,Moxifloxcin HCL,50,16942.26,847113,10/16/2017,8/22/2017
October 2017,10/27/2017,2,34010011,Hassan Ibrahim Printers - Faisalabad,NA,05003005,Packing Material,2,U/C LEUFEX 250MG TABS,11580,2.9,33582,10/25/2017,10/13/2017
October 2017,10/27/2017,2,34010011,Hassan Ibrahim Printers - Faisalabad,NA,05004002,Packing Material,2,LEAFLET LEUFEX ,50000,0.35,17500,10/25/2017,10/13/2017
October 2017,10/31/2017,2,34010008,Brother Enterprises Limited ( BEL ) - ,NA,02001008,Excepients,1,MAG. STEARATE,200,384,76800,10/23/2017,10/18/2017
November 2017,11/1/2017,2,34010008,Brother Enterprises Limited ( BEL ) - ,NA,02001013,Excepients,1,TALCUM POWDER,200,40,8000,10/30/2017,10/27/2017
November 2017,11/1/2017,2,34010011,Hassan Ibrahim Printers - Faisalabad,NA,05003027,Packing Material,2,U/C VIBECIN,1050,4.6,4830,10/30/2017,10/27/2017
November 2017,11/1/2017,2,34010011,Hassan Ibrahim Printers - Faisalabad,NA,05003025,Packing Material,2,U/C PRINCED TAB 250MG ,11550,5.5,63525,10/30/2017,9/14/2017
November 2017,11/1/2017,2,34010016,HM LUCKY HOUSE,NA,05006001,Packing Material,2,PVC 250mm,215.07,239.9219,51600,10/26/2017,10/26/2017
November 2017,11/1/2017,2,34010061,Uswa Plastic,NA,05008003,Packing Material,2,PLASTIC CAPS,2000,0.75,1500,11/1/2017,11/1/2017
November 2017,11/1/2017,2,34010061,Uswa Plastic,NA,05008002,Packing Material,2,PLASTIC BOTTLE,2000,4,8000,11/1/2017,11/1/2017
November 2017,11/2/2017,2,34010011,Hassan Ibrahim Printers - Faisalabad,NA,05003010,Packing Material,2,U/C FLUMAG,34000,2.4,81600,10/25/2017,10/13/2017
November 2017,11/2/2017,2,34010009,Technokon Chemicals - Lahore,NA,02001002,Excepients,1,AQUASHINE MAGNS WHITE,25,2000,50000,10/25/2017,10/18/2017
November 2017,11/2/2017,1,34020029,LC #. 21(17-18) - BAFL-7363 - Flurbiprofen,NA,01001012,Active Material,1,Flurbiprofen,100,10044.26,1004426,10/24/2017,8/25/2017
November 2017,11/3/2017,1,34020031,LC #. 23(17-18) - BAFL-CNT.#.-2569 - Fluconazole,NA,01001006,Active Material,1,Fluconazole,10,13303.1,133031,11/2/2017,10/6/2017
November 2017,11/3/2017,2,34010020,SARINA THERMOPLASTICS ,NA,05006001,Packing Material,2,PVC 250mm,1015,225,228375,11/2/2017,10/12/2017
November 2017,11/6/2017,2,34010005,Jahangir Packages - Faisalabad,NA,05005001,Packing Material,2,MASTER SHIPPER MP-01,1000,44,44000,10/19/2017,10/16/2017
November 2017,11/6/2017,2,34010062,Tape World,NA,05008001,Packing Material,2,Printed Tape Roll,240,80,19200,11/3/2017,11/2/2017
November 2017,11/8/2017,2,34010002,Citi Pharma ( Pvt. ) Limited - Lahore,NA,01001004,Active Material,1,LEVOFLOXACINE HEMIHYDRATE,125,3800,475000,11/7/2017,11/3/2017
November 2017,11/10/2017,2,34010004,Ali Trading Company - Lahore,NA,05001001,Packing Material,2,ALU/ALU 250mm (160 micron),991,670,663970,11/9/2017,11/2/2017
November 2017,11/10/2017,2,34010006,Pharma Caps - Karachi,NA,02002009,Excepients,1,ECS(BLUE/D.BLUE) 02,1050000,0.2149,225630,11/8/2017,11/8/2017
November 2017,11/10/2017,2,34010011,Hassan Ibrahim Printers - Faisalabad,NA,05003026,Packing Material,2,U/C PRINCED TAB 500MG,10250,5.5,56375,11/9/2017,9/14/2017
November 2017,11/10/2017,2,34010011,Hassan Ibrahim Printers - Faisalabad,NA,05004004,Packing Material,2,LEAFLET VELOFT ,102000,0.35,35700,11/9/2017,8/30/2017
November 2017,11/10/2017,2,34010011,Hassan Ibrahim Printers - Faisalabad,NA,05003005,Packing Material,2,U/C LEUFEX 250MG TABS,15730,2.9,45617,11/9/2017,10/30/2017
November 2017,11/13/2017,2,34010001,Saeed Printers - Lahore,NA,05002004,Packing Material,2,ALUMINIUM FOIL LEUFEX 250MG,20,950,19000,11/13/2017,10/30/2017
November 2017,11/14/2017,2,34010001,Saeed Printers - Lahore,NA,05002002,Packing Material,2,ALUMINIUM FOIL CEFLOX 250MG ,18.5,950,17575,11/13/2017,10/30/2017
November 2017,11/16/2017,2,34010008,Brother Enterprises Limited ( BEL ) - ,NA,02001001,Excepients,1,AEROSIL 200,40,850,34000,11/14/2017,11/7/2017
November 2017,11/16/2017,2,34010008,Brother Enterprises Limited ( BEL ) - ,NA,02001007,Excepients,1,LECTOSE MONOHYDRATE,300,280,84000,11/14/2017,11/7/2017
November 2017,11/16/2017,2,34010008,Brother Enterprises Limited ( BEL ) - ,NA,02001011,Excepients,1,SODUIM STARCH GLYCOLATE,50,532,26600,11/14/2017,11/7/2017
November 2017,11/16/2017,2,34010008,Brother Enterprises Limited ( BEL ) - ,NA,02001015,Excepients,1,ISO PROPYLE ALCOHOLE,160,200,32000,11/14/2017,11/7/2017
November 2017,11/16/2017,2,34010011,Hassan Ibrahim Printers - Faisalabad,NA,05003028,Packing Material,2,U/C LIMYCIN CAP,22930,1.75,40127.5,11/14/2017,10/30/2017
November 2017,11/17/2017,2,34010002,Citi Pharma ( Pvt. ) Limited - Lahore,NA,01001004,Active Material,1,LEVOFLOXACINE HEMIHYDRATE,75,3800,285000,11/14/2017,11/3/2017
November 2017,11/17/2017,2,34010006,Pharma Caps - Karachi,NA,02002009,Excepients,1,ECS(BLUE/D.BLUE) 02,525000,0.21,110250,11/16/2017,11/9/2017
November 2017,11/20/2017,2,34010048,AL HAYYAT ENTERPRISES,NA,02002007,Excepients,1,ECS (SCARLET/NATURAL) 01,700000,0.2457,171990,11/17/2017,11/16/2017
November 2017,11/20/2017,2,34010011,Hassan Ibrahim Printers - Faisalabad,NA,05003027,Packing Material,2,U/C VIBECIN,11650,4.6,53590,11/17/2017,11/8/2017
November 2017,11/20/2017,2,34010022,AL HAMD GRAVERS,NA,05002031,Packing Material,2,ALUMINIUM FOIL VIBECIN 100MG CAP,52.6,850,44710,11/20/2017,11/8/2017
November 2017,11/21/2017,2,34010011,Hassan Ibrahim Printers - Faisalabad,NA,05003001,Packing Material,2,U/C CEFLOX 250MG TABS,15440,2.9,44776,11/10/2017,10/30/2017
November 2017,11/21/2017,2,34010011,Hassan Ibrahim Printers - Faisalabad,NA,05003002,Packing Material,2,U/C CEFLOX 500MG TABS,22100,2.9,64090,11/10/2017,10/30/2017
November 2017,11/21/2017,2,34010011,Hassan Ibrahim Printers - Faisalabad,NA,05004018,Packing Material,2,LEAFLETS LIMYCIN CAP,32000,0.35,11200,11/14/2017,10/30/2017
November 2017,11/21/2017,2,34010006,Pharma Caps - Karachi,NA,02002012,Excepients,1,ECS  (BLU/BLU) 01,140000,0.2537,35512,11/17/2017,11/9/2017
November 2017,11/21/2017,2,34010006,Pharma Caps - Karachi,NA,02002001,Excepients,1,ECS  (PURPLE/WHITE) 01,125000,0.22,27500,11/17/2017,11/9/2017
November 2017,11/21/2017,2,34010006,Pharma Caps - Karachi,NA,02002014,Excepients,1,ECS (BLU/D BLU) size 0,100000,0.235,23500,11/17/2017,11/9/2017
November 2017,11/21/2017,1,34020030,LC #. 22(17-18) - BAFL-8511 - Pregabalin - 2200 $,NA,01001007,Active Material,1,Pregabalin,25,11364.96,284124,11/20/2017,10/6/2017
November 2017,11/22/2017,2,34010003,Vision Pharmaceuticals - Islamabad,NA,01001011,Active Material,1,CLITHROMYCIN TASTE MASK PELLETS 27.5%,40,10200,408000,11/20/2017,11/2/2017
November 2017,11/22/2017,2,34010009,Technokon Chemicals - Lahore,NA,02001030,Excepients,1,OPASHINE ENTERIC (Orange),25,3000,75000,11/17/2017,11/7/2017
November 2017,11/22/2017,2,34010011,Hassan Ibrahim Printers - Faisalabad,NA,05004001,Packing Material,2,LEAFLET CEFLOX,48000,0.35,16800,11/21/2017,10/30/2017
November 2017,11/23/2017,2,34010011,Hassan Ibrahim Printers - Faisalabad,NA,05004001,Packing Material,2,LEAFLET CEFLOX,64000,0.35,22400,11/23/2017,11/10/2017
November 2017,11/23/2017,2,34010011,Hassan Ibrahim Printers - Faisalabad,NA,05003001,Packing Material,2,U/C CEFLOX 250MG TABS,29930,2.9,86797,11/23/2017,11/10/2017
November 2017,11/23/2017,2,34010007,GelCaps Pakistan Limited - Karachi,NA,02002007,Excepients,1,ECS (SCARLET/NATURAL) 01,300000,0.284,85200,11/21/2017,10/17/2017
November 2017,11/23/2017,2,34010007,GelCaps Pakistan Limited - Karachi,NA,02002003,Excepients,1,ECS  (D BLUE/D BLUE) 02,400000,0.283,113200,11/21/2017,10/17/2017
November 2017,11/23/2017,2,34010061,Uswa Plastic,NA,05008002,Packing Material,2,PLASTIC BOTTLE,7575,4,30300,11/23/2017,11/9/2017
November 2017,11/23/2017,2,34010061,Uswa Plastic,NA,05008003,Packing Material,2,PLASTIC CAPS,9200,0.75,6900,11/23/2017,11/14/2017
November 2017,11/28/2017,2,34010006,Pharma Caps - Karachi,NA,02002014,Excepients,1,ECS (BLU/D BLU) size 0,200000,0.2436,48710,11/23/2017,11/16/2017
November 2017,11/28/2017,2,34010003,Vision Pharmaceuticals - Islamabad,NA,01001011,Active Material,1,CLITHROMYCIN TASTE MASK PELLETS 27.5%,33,10200,336600,11/24/2017,9/6/2017
November 2017,11/28/2017,2,34010011,Hassan Ibrahim Printers - Faisalabad,NA,05003005,Packing Material,2,U/C LEUFEX 250MG TABS,31000,2.9,89900,11/28/2017,11/10/2017
November 2017,11/28/2017,2,34010011,Hassan Ibrahim Printers - Faisalabad,NA,05003020,Packing Material,2,U/C MAGCAM ,17150,2.4,41160,11/28/2017,11/10/2017
November 2017,11/28/2017,2,34010011,Hassan Ibrahim Printers - Faisalabad,NA,05004002,Packing Material,2,LEAFLET LEUFEX ,76000,0.35,26600,11/28/2017,11/10/2017
November 2017,11/30/2017,2,34010011,Hassan Ibrahim Printers - Faisalabad,NA,05004003,Packing Material,2,LEAFLET MAGNS ,64000,0.35,22400,11/29/2017,11/24/2017
November 2017,11/30/2017,2,34010003,Vision Pharmaceuticals - Islamabad,NA,01001002,Active Material,1,ESOMEPRAZOLE PELLETS 22.5%,50,3900,195000,11/24/2017,11/17/2017
November 2017,11/30/2017,2,34010018,HANAN PRINTERS,NA,05009001,Packing Material,2,Bottle Lable Clithrocin 125/5 ml,5300,0.43,2279,11/29/2017,11/28/2017
November 2017,11/30/2017,2,34010018,HANAN PRINTERS,NA,05009002,Packing Material,2,Bottle Lable Clithrocin 250/5 ml,5400,0.43,2322,11/29/2017,11/10/2017
December 2017,12/6/2017,2,34010002,Citi Pharma ( Pvt. ) Limited - Lahore,NA,01001001,Active Material,1,CIPROFLOCXACIN HCL,300,2950,885000,12/4/2017,11/16/2017
December 2017,12/6/2017,2,34010008,Brother Enterprises Limited ( BEL ) - ,NA,02001024,Excepients,1,SUGAR (MICRONIZED),300,155,46500,12/5/2017,11/23/2017
December 2017,12/6/2017,2,34010009,Technokon Chemicals - Lahore,NA,02001003,Excepients,1,AQUASHINE MAGNS BLUE,5,2000,10000,11/30/2017,11/30/2017
December 2017,12/7/2017,2,34010003,Vision Pharmaceuticals - Islamabad,NA,01001003,Active Material,1,DICLOFENAC SOD.SR PELLETS 32%,150,1550,232500,12/4/2017,11/17/2017
December 2017,12/7/2017,2,34010062,Tape World,NA,05008001,Packing Material,2,Printed Tape Roll,60,80,4800,12/7/2017,12/7/2017
December 2017,12/11/2017,2,34010011,Hassan Ibrahim Printers - Faisalabad,NA,05004005,Packing Material,2,LEAFLET EKMA,62500,0.35,21875,12/11/2017,11/28/2017
December 2017,12/11/2017,2,34010011,Hassan Ibrahim Printers - Faisalabad,NA,05003015,Packing Material,2,U/C PRAGALAX 75MG CAP,15636,2.9,45344.4,12/11/2017,11/28/2017
December 2017,12/11/2017,2,34010011,Hassan Ibrahim Printers - Faisalabad,NA,05003006,Packing Material,2,U/C LEUFEX 500MG TABS,15100,2.9,43790,12/11/2017,11/28/2017
December 2017,12/12/2017,2,34010011,Hassan Ibrahim Printers - Faisalabad,NA,05003029,Packing Material,2,U/C VELOFT 100 MG TAB,28110,1.9,53409,12/11/2017,11/29/2017
December 2017,12/12/2017,2,34010007,GelCaps Pakistan Limited - Karachi,NA,02002008,Excepients,1,ECS (LTGREEN/WHITE) 02,400000,0.283,113200,12/12/2017,12/12/2017
December 2017,12/13/2017,2,34010018,HANAN PRINTERS,NA,05004014,Packing Material,2,LEAFLETS ZARACIN CAP,25465,0.35,8912.75,12/7/2017,11/27/2017
December 2017,12/14/2017,2,34010001,Saeed Printers - Lahore,NA,05002004,Packing Material,2,ALUMINIUM FOIL LEUFEX 250MG,20,950,19000,12/14/2017,11/10/2017
December 2017,12/14/2017,2,34010001,Saeed Printers - Lahore,NA,05002006,Packing Material,2,ALUMINIUM FOIL MAGNS 20MG,21,950,19950,12/14/2017,11/24/2017
December 2017,12/14/2017,2,34010002,Citi Pharma ( Pvt. ) Limited - Lahore,NA,01001004,Active Material,1,LEVOFLOXACINE HEMIHYDRATE,100,3800,380000,12/13/2017,11/3/2017
December 2017,12/18/2017,2,34010001,Saeed Printers - Lahore,NA,05002002,Packing Material,2,ALUMINIUM FOIL CEFLOX 250MG ,10,950,9500,12/18/2017,11/29/2017
December 2017,12/18/2017,2,34010001,Saeed Printers - Lahore,NA,05002002,Packing Material,2,ALUMINIUM FOIL CEFLOX 250MG ,21,950,19950,12/18/2017,11/10/2017
December 2017,12/18/2017,2,34010005,Jahangir Packages - Faisalabad,NA,05005002,Packing Material,2,MASTER SHIPPER MP-02,1138,58.5,66573,12/18/2017,11/23/2017
December 2017,12/18/2017,2,34010001,Saeed Printers - Lahore,NA,05002029,Packing Material,2,ALUMINIUM FOIL LIMYCIN CAP,15.5,950,14725,12/18/2017,11/24/2017
December 2017,12/20/2017,2,34010003,Vision Pharmaceuticals - Islamabad,NA,01001011,Active Material,1,CLITHROMYCIN TASTE MASK PELLETS 27.5%,72,10200,734400,12/18/2017,11/17/2017
December 2017,12/20/2017,2,34010061,Uswa Plastic,NA,05008002,Packing Material,2,PLASTIC BOTTLE,7800,4,31200,12/20/2017,12/11/2017
December 2017,12/20/2017,2,34010061,Uswa Plastic,NA,05008003,Packing Material,2,PLASTIC CAPS,7800,0.75,5850,12/20/2017,12/11/2017
December 2017,12/21/2017,2,34010011,Hassan Ibrahim Printers - Faisalabad,NA,05003008,Packing Material,2,U/C EKMA 20MG,25500,2.9,73950,12/15/2017,11/28/2017
December 2017,12/21/2017,2,34010011,Hassan Ibrahim Printers - Faisalabad,NA,05003010,Packing Material,2,U/C FLUMAG,34625,2.4,83100,12/20/2017,11/28/2017
December 2017,12/21/2017,2,34010011,Hassan Ibrahim Printers - Faisalabad,NA,05003021,Packing Material,2,U/C CLITHROCIN 250MG/ 5ml,10500,3,31500,12/20/2017,11/10/2017
December 2017,12/21/2017,2,34010005,Jahangir Packages - Faisalabad,NA,05005003,Packing Material,2,MASTER SHIPPER MP-03,1047,42.12,44099.64,12/18/2017,12/8/2017
December 2017,12/21/2017,2,34010011,Hassan Ibrahim Printers - Faisalabad,NA,05004006,Packing Material,2,LEAFLET FLUMAG,64000,0.35,22400,12/20/2017,11/28/2017
December 2017,12/26/2017,2,34010009,Technokon Chemicals - Lahore,NA,02001004,Excepients,1,AQUASHINE MAGNS YELLOW,20,2000,40000,12/21/2017,12/15/2017
December 2017,12/26/2017,2,34010008,Brother Enterprises Limited ( BEL ) - ,NA,02001015,Excepients,1,ISO PROPYLE ALCOHOLE,160,228,36480,12/21/2017,12/6/2017
December 2017,12/26/2017,2,34010007,GelCaps Pakistan Limited - Karachi,NA,02002009,Excepients,1,ECS(BLUE/D.BLUE) 02,1000000,0.2878,287838,12/21/2017,11/24/2017
December 2017,12/26/2017,2,34010018,HANAN PRINTERS,NA,05009001,Packing Material,2,Bottle Lable Clithrocin 125/5 ml,10050,0.43,4321.5,12/20/2017,12/11/2017
December 2017,12/28/2017,2,34010008,Brother Enterprises Limited ( BEL ) - ,NA,02001024,Excepients,1,SUGAR (MICRONIZED),300,155,46500,12/27/2017,12/26/2017
December 2017,12/28/2017,2,34010016,HM LUCKY HOUSE,NA,05006001,Packing Material,2,PVC 250mm,150,240,36000,12/26/2017,12/26/2017
December 2017,12/28/2017,2,34010011,Hassan Ibrahim Printers - Faisalabad,NA,05003019,Packing Material,2,U/C FLIRFEN ,23100,2.35,54285,12/28/2017,12/12/2017
December 2017,12/28/2017,2,34010011,Hassan Ibrahim Printers - Faisalabad,NA,05003022,Packing Material,2,U/C CLITHROCIN 125MG/ 5ml,11100,3,33300,12/26/2017,12/11/2017
December 2017,12/28/2017,2,34010011,Hassan Ibrahim Printers - Faisalabad,NA,05003003,Packing Material,2,U/C MAGNS 20MG CAP,11000,2.9,31900,12/28/2017,12/14/2017
December 2017,12/29/2017,2,34010011,Hassan Ibrahim Printers - Faisalabad,NA,05003003,Packing Material,2,U/C MAGNS 20MG CAP,13030,2.9,37787,12/29/2017,12/14/2017
December 2017,12/29/2017,2,34010011,Hassan Ibrahim Printers - Faisalabad,NA,05003009,Packing Material,2,U/C EKMA 40MG,30870,2.9,89523,12/29/2017,12/14/2017
December 2017,12/29/2017,2,34010020,SARINA THERMOPLASTICS ,NA,05006001,Packing Material,2,PVC 250mm,940,225,211500,12/29/2017,12/6/2017
January 2018,1/1/2018,2,34010005,Jahangir Packages - Faisalabad,NA,05005001,Packing Material,2,MASTER SHIPPER MP-01,1000,51.48,51480,1/1/2018,12/15/2017
January 2018,1/1/2018,2,34010001,Saeed Printers - Lahore,NA,05002001,Packing Material,2,ALUMINIUM FOIL VELOFT SR CAPSULE,21.5,950,20425,1/1/2018,12/12/2017
January 2018,1/1/2018,2,34010001,Saeed Printers - Lahore,NA,05002003,Packing Material,2,ALUMINIUM FOIL CFLOX 500MG ,50,950,47500,1/1/2018,12/14/2017
January 2018,1/1/2018,2,34010001,Saeed Printers - Lahore,NA,05002009,Packing Material,2,ALUMINIUM FOIL EKMA 40MG,35,950,33250,1/1/2018,12/18/2017
January 2018,1/1/2018,2,34010001,Saeed Printers - Lahore,NA,05002008,Packing Material,2,ALUMINIUM FOIL EKMA 20MG,35.4,950,33630,1/1/2018,12/14/2017
January 2018,1/2/2018,1,34020033,LC #. 25(17-18) - BAFL-CNT.-2912 - Fluconazole -,NA,01001006,Active Material,1,Fluconazole,20,12295,245900,1/1/2018,11/14/2017
January 2018,1/4/2018,1,34020034,LC #. 26(17-18) - BAFL-9660- Pregabalin - 2200 $,NA,01001007,Active Material,1,Pregabalin,25,11872.76,296819,1/1/2018,11/14/2017
January 2018,1/4/2018,2,34010009,Technokon Chemicals - Lahore,NA,02001002,Excepients,1,AQUASHINE MAGNS WHITE,20,2000,40000,1/1/2018,12/26/2017
January 2018,1/5/2018,2,34010011,Hassan Ibrahim Printers - Faisalabad,NA,05003033,Packing Material,2,U/C MAGPRIDE TAB 4MG,7900,1.2,9480,1/4/2018,12/26/2017
January 2018,1/5/2018,2,34010011,Hassan Ibrahim Printers - Faisalabad,NA,05003029,Packing Material,2,U/C VELOFT 100 MG TAB,45750,1.9,86925,1/4/2018,11/29/2017
January 2018,1/8/2018,2,34010016,HM LUCKY HOUSE,NA,05006001,Packing Material,2,PVC 250mm,250,240,60000,1/5/2018,1/5/2018
January 2018,1/8/2018,2,34010048,AL HAYYAT ENTERPRISES,NA,02001009,Excepients,1,MICRO CRYSTALLINE CELLULOSE 102,50,400,20000,1/4/2018,1/3/2018
January 2018,1/9/2018,2,34010011,Hassan Ibrahim Printers - Faisalabad,NA,05003014,Packing Material,2,U/C PRAGALAX 50MG CAP,15526,2.9,45025.4,1/8/2018,12/26/2017
January 2018,1/10/2018,2,34010061,Uswa Plastic,NA,05008003,Packing Material,2,PLASTIC CAPS,1900,0.75,1425,1/1/2018,12/11/2017
January 2018,1/10/2018,2,34010061,Uswa Plastic,NA,05008002,Packing Material,2,PLASTIC BOTTLE,1900,4,7600,1/1/2018,12/11/2017
January 2018,1/12/2018,2,34010027,PHARMAPLAST,NA,05008002,Packing Material,2,PLASTIC BOTTLE,11000,4,44000,1/12/2018,1/2/2018
January 2018,1/12/2018,2,34010031,HASEEB PLAST CO. - Mr. BASHARAT,NA,05008003,Packing Material,2,PLASTIC CAPS,40000,1,40000,1/12/2018,1/2/2018
January 2018,1/12/2018,2,34010031,HASEEB PLAST CO. - Mr. BASHARAT,NA,05008004,Packing Material,2,PLASTIC SPOON,20000,3.5,70000,1/12/2018,1/2/2018
January 2018,1/12/2018,2,34010011,Hassan Ibrahim Printers - Faisalabad,NA,05003002,Packing Material,2,U/C CEFLOX 500MG TABS,54150,2.9,157035,1/9/2018,12/14/2017
January 2018,1/15/2018,2,34010011,Hassan Ibrahim Printers - Faisalabad,NA,05003005,Packing Material,2,U/C LEUFEX 250MG TABS,30790,3.1,95449,1/15/2018,1/5/2018
January 2018,1/15/2018,2,34010011,Hassan Ibrahim Printers - Faisalabad,NA,05003023,Packing Material,2,U/C VELOFT 50MG,21750,2.1,45675,1/15/2018,1/5/2018
January 2018,1/16/2018,2,34010008,Brother Enterprises Limited ( BEL ) - ,NA,02001011,Excepients,1,SODUIM STARCH GLYCOLATE,50,532,26600,1/15/2018,11/7/2017
January 2018,1/16/2018,2,34010009,Technokon Chemicals - Lahore,NA,02001005,Excepients,1,AQUASHINE MAGNS (PINK),20,2000,40000,1/10/2018,1/10/2018
January 2018,1/16/2018,2,34010003,Vision Pharmaceuticals - Islamabad,NA,01001003,Active Material,1,DICLOFENAC SOD.SR PELLETS 32%,100,1550,155000,1/11/2018,12/11/2017
January 2018,1/16/2018,2,34010003,Vision Pharmaceuticals - Islamabad,NA,01001003,Active Material,1,DICLOFENAC SOD.SR PELLETS 32%,30,1550,46500,1/11/2018,11/7/2017
January 2018,1/16/2018,2,34010023,A.M ITERNATIONAL,NA,02001034,Excepients,1,DRY TUTTIFRUITY 3-X    (FLAVOUR),10,1200,12000,1/12/2018,12/26/2017
January 2018,1/19/2018,2,34010003,Vision Pharmaceuticals - Islamabad,NA,01001011,Active Material,1,CLITHROMYCIN TASTE MASK PELLETS 27.5%,50,10200,510000,1/17/2018,12/11/2017
January 2018,1/22/2018,1,34020032,LC #. 24(17-18) - BAFL- 9424 - Doxycyclin - 6525 $,NA,01001017,Active Material,1,DOXYCYCLINE HYCLATE,150,5951.84,892776,1/11/2018,11/8/2017
January 2018,1/23/2018,2,34010011,Hassan Ibrahim Printers - Faisalabad,NA,05004023,Packing Material,2,LEAFLETS FLUMAG DRY SUSPENSION,8000,0.35,2800,1/23/2018,1/23/2018
January 2018,1/23/2018,2,34010067,Packaging Examplar Technology (PVT) LTD.,NA,05008007,Packing Material,2,Pet  Bottle 60ML Amber Color,10000,3.2,32000,1/19/2018,1/12/2018
January 2018,1/24/2018,2,34010067,Packaging Examplar Technology (PVT) LTD.,NA,05008008,Packing Material,2,Plastic cap 25mm white with seal,10000,0.75,7500,1/24/2018,1/23/2018
January 2018,1/24/2018,2,34010031,HASEEB PLAST CO. - Mr. BASHARAT,NA,05008009,Packing Material,2,Plastic Cup 15ml ,11000,1.82,20020,1/24/2018,1/24/2018
January 2018,1/24/2018,2,34010027,PHARMAPLAST,NA,05008002,Packing Material,2,PLASTIC BOTTLE,28600,4,114400,1/24/2018,1/2/2018
January 2018,1/24/2018,2,34010003,Vision Pharmaceuticals - Islamabad,NA,01001003,Active Material,1,DICLOFENAC SOD.SR PELLETS 32%,100,1550,155000,1/11/2018,1/4/2018
January 2018,1/24/2018,2,34010008,Brother Enterprises Limited ( BEL ) - ,NA,02001048,Excepients,1,Sodium Methyl Paraben BP,10,1300,13000,1/19/2018,1/17/2018
January 2018,1/24/2018,2,34010008,Brother Enterprises Limited ( BEL ) - ,NA,02001049,Excepients,1,Sodium Propyl Hydroxy Benzoate BP 2000,10,1400,14000,1/19/2018,1/17/2018
January 2018,1/24/2018,2,34010007,GelCaps Pakistan Limited - Karachi,NA,02002008,Excepients,1,ECS (LTGREEN/WHITE) 02,150000,0.283,42450,1/12/2018,12/12/2017
January 2018,1/31/2018,2,34010007,GelCaps Pakistan Limited - Karachi,NA,02002008,Excepients,1,ECS (LTGREEN/WHITE) 02,250000,0.283,70750,1/31/2018,1/31/2018
January 2018,1/31/2018,2,34010040,TRUST LAB SUPPLY CORPORATION,NA,02001041,Excepients,1,METHYLENE CHLORIDE COMMERCIAL,200,180,36000,1/24/2018,1/5/2018
January 2018,1/31/2018,2,34010001,Saeed Printers - Lahore,NA,05002016,Packing Material,2,ALUMINIUM FOIL Maflex,19.5,950,18525,1/26/2018,1/17/2018
January 2018,1/31/2018,2,34010004,Ali Trading Company - Lahore,NA,05001001,Packing Material,2,ALU/ALU 250mm (160 micron),400.8,670,268536,1/30/2018,1/30/2018
January 2018,1/31/2018,2,34010017,PHARMAGEN LIMITED,NA,01001001,Active Material,1,CIPROFLOCXACIN HCL,250,3500,875000,1/29/2018,1/24/2018
January 2018,1/31/2018,1,34020035,LC #. 27(17-18) - BAFL-9855- Azithromycin -7500$,,01001015,Active Material,1,Azithromycin Dihydrate USP,75,12975.72,973179,1/26/2018,11/21/2017
January 2018,1/31/2018,2,34010048,AL HAYYAT ENTERPRISES,NA,02001009,Excepients,1,MICRO CRYSTALLINE CELLULOSE 102,200,418,83600,1/24/2018,1/23/2018
January 2018,1/31/2018,2,34010008,Brother Enterprises Limited ( BEL ) - ,NA,02001024,Excepients,1,SUGAR (MICRONIZED),300,155,46500,1/29/2018,1/26/2018
January 2018,1/31/2018,2,34010008,Brother Enterprises Limited ( BEL ) - ,NA,02001015,Excepients,1,ISO PROPYLE ALCOHOLE,160,228,36480,1/24/2018,1/5/2018
January 2018,1/31/2018,2,34010047,RAFHAN MAIZE PRODUCT CO LTD,NA,02001012,Excepients,1,STARCH,500,81.2,40600,1/24/2018,1/22/2018
January 2018,1/31/2018,2,34010048,AL HAYYAT ENTERPRISES,NA,02001011,Excepients,1,SODUIM STARCH GLYCOLATE,100,470,47000,1/24/2018,1/23/2018
January 2018,1/31/2018,2,34010005,Jahangir Packages - Faisalabad,NA,05005001,Packing Material,2,MASTER SHIPPER MP-01,1000,51.48,51480,1/31/2018,1/22/2018
January 2018,1/31/2018,2,34010018,HANAN PRINTERS,NA,05004007,Packing Material,2,LEAFLETS MEFLEX,19200,1.4,26880,1/30/2018,1/17/2018
January 2018,1/31/2018,2,34010011,Hassan Ibrahim Printers - Faisalabad,NA,05003012,Packing Material,2,U/C MAFLEX 400MG,15950,3.1,49445,1/30/2018,1/17/2018
January 2018,1/31/2018,2,34010011,Hassan Ibrahim Printers - Faisalabad,NA,05003006,Packing Material,2,U/C LEUFEX 500MG TABS,15470,3.1,47957,1/30/2018,1/22/2018
January 2018,1/31/2018,2,34010018,HANAN PRINTERS,NA,05009001,Packing Material,2,Bottle Lable Clithrocin 125/5 ml,10300,0.43,4429,1/30/2018,1/17/2018
February 2018,2/1/2018,2,34010011,Hassan Ibrahim Printers - Faisalabad,NA,05003007,Packing Material,2,U/C VELOFT 100MG SR CAP,9925,2.1,20842.5,2/1/2018,1/17/2018
February 2018,2/1/2018,2,34010001,Saeed Printers - Lahore,NA,05002006,Packing Material,2,ALUMINIUM FOIL MAGNS 20MG,21,950,19950,2/1/2018,1/31/2018
February 2018,2/2/2018,2,34010011,Hassan Ibrahim Printers - Faisalabad,NA,05003001,Packing Material,2,U/C CEFLOX 250MG TABS,25200,3.1,78120,2/2/2018,1/29/2018
February 2018,2/7/2018,2,34010011,Hassan Ibrahim Printers - Faisalabad,NA,05003001,Packing Material,2,U/C CEFLOX 250MG TABS,5250,3.1,16275,2/7/2018,2/7/2018
February 2018,2/7/2018,2,34010011,Hassan Ibrahim Printers - Faisalabad,NA,05003022,Packing Material,2,U/C CLITHROCIN 125MG/ 5ml,11500,3.2,36800,2/6/2018,1/26/2018
February 2018,2/7/2018,1,34020037,"LC #. 29(17-18) - BOP-30501-Artem,Lume-2120$",,01001021,Active Material,1,ARTEMETHER PH.INT,5,8066.6,40333,2/7/2018,1/3/2018
February 2018,2/7/2018,1,34020037,"LC #. 29(17-18) - BOP-30501-Artem,Lume-2120$",,01001022,Active Material,1,LUMEFANTRINE PH.INT,30,8066.6667,242000,2/7/2018,1/3/2018
February 2018,2/8/2018,2,34010048,AL HAYYAT ENTERPRISES,NA,02001011,Excepients,1,SODUIM STARCH GLYCOLATE,200,470,94000,2/7/2018,2/1/2018
February 2018,2/8/2018,2,34010004,Ali Trading Company - Lahore,NA,05001001,Packing Material,2,ALU/ALU 250mm (160 micron),90,670,60300,2/7/2018,2/7/2018
February 2018,2/12/2018,2,34010001,Saeed Printers - Lahore,NA,05002006,Packing Material,2,ALUMINIUM FOIL MAGNS 20MG,25,950,23750,2/9/2018,2/2/2018
February 2018,2/12/2018,2,34010011,Hassan Ibrahim Printers - Faisalabad,NA,05004003,Packing Material,2,LEAFLET MAGNS ,48000,0.35,16800,2/9/2018,2/2/2018
February 2018,2/12/2018,2,34010011,Hassan Ibrahim Printers - Faisalabad,NA,05004001,Packing Material,2,LEAFLET CEFLOX,48000,0.35,16800,2/9/2018,1/29/2018
February 2018,2/12/2018,2,34010011,Hassan Ibrahim Printers - Faisalabad,NA,05003035,Packing Material,2,U/C FLUMAG DRY SUSPENSION,6250,3,18750,2/8/2018,2/8/2018
February 2018,2/12/2018,2,34010011,Hassan Ibrahim Printers - Faisalabad,NA,05003036,Packing Material,2,U/C MAGNS 20MG CAP 10 per pack,27020,3.1,83762,2/9/2018,2/2/2018
February 2018,2/12/2018,2,34010005,Jahangir Packages - Faisalabad,NA,05005006,Packing Material,2,MASTER SHIPPER MP-04,615,70.2,43173,2/12/2018,2/1/2018
February 2018,2/14/2018,2,34010011,Hassan Ibrahim Printers - Faisalabad,NA,05003027,Packing Material,2,U/C VIBECIN,11600,5.1,59160,2/14/2018,2/2/2018
February 2018,2/14/2018,2,34010011,Hassan Ibrahim Printers - Faisalabad,NA,05003004,Packing Material,2,U/C MAGNS 40MG CAP,31000,3.1,96100,2/14/2018,2/2/2018
February 2018,2/14/2018,2,34010031,HASEEB PLAST CO. - Mr. BASHARAT,NA,05008004,Packing Material,2,PLASTIC SPOON,20000,3.5,70000,2/14/2018,2/1/2018
February 2018,2/14/2018,2,34010031,HASEEB PLAST CO. - Mr. BASHARAT,NA,05008010,Packing Material,2,Plastic Cup 10ml,50000,1.8,90000,2/14/2018,2/1/2018
February 2018,2/15/2018,2,34010067,Packaging Examplar Technology (PVT) LTD.,NA,05008011,Packing Material,2,Pet  Bottle 30ML Amber Color,15200,3.3,50160,2/15/2018,2/15/2018
February 2018,2/15/2018,2,34010067,Packaging Examplar Technology (PVT) LTD.,NA,05008012,Packing Material,2,Pet  Bottle 90ML Amber Color,20300,3.95,80185,2/15/2018,2/15/2018
February 2018,2/15/2018,2,34010031,HASEEB PLAST CO. - Mr. BASHARAT,NA,05008003,Packing Material,2,PLASTIC CAPS,32000,1,32000,2/14/2018,2/1/2018
February 2018,2/15/2018,2,34010071,IMRAN ALU ALU,NA,05001001,Packing Material,2,ALU/ALU 250mm (160 micron),488.2,660,322212,2/15/2018,2/15/2018
February 2018,2/15/2018,2,34010007,GelCaps Pakistan Limited - Karachi,NA,02002003,Excepients,1,ECS  (D BLUE/D BLUE) 02,300000,0.283,84900,2/8/2018,12/12/2017
February 2018,2/15/2018,2,34010003,Vision Pharmaceuticals - Islamabad,NA,01001011,Active Material,1,CLITHROMYCIN TASTE MASK PELLETS 27.5%,100,10200,1020000,2/14/2018,1/29/2018
February 2018,2/15/2018,2,34010002,Citi Pharma ( Pvt. ) Limited - Lahore,NA,01001004,Active Material,1,LEVOFLOXACINE HEMIHYDRATE,100,4600,460000,2/13/2018,2/7/2018
February 2018,2/16/2018,1,34020036,LC #. 28(17-18) - BOP-20502-Lincomycin-11980$,NA,01001016,Active Material,1,LINCOMYCIN HCL,206.919,6823.8779,1411990,2/15/2018,12/28/2017
February 2018,2/16/2018,1,34020036,LC #. 28(17-18) - BOP-20502-Lincomycin-11980$,NA,01001016,Active Material,1,LINCOMYCIN HCL,22.991,6823.8946,156888.16,2/15/2018,12/28/2017
February 2018,2/19/2018,2,34010008,Brother Enterprises Limited ( BEL ) - ,NA,02001001,Excepients,1,AEROSIL 200,50,975,48750,2/15/2018,2/1/2018
February 2018,2/19/2018,2,34010006,Pharma Caps - Karachi,NA,02002012,Excepients,1,ECS  (BLU/BLU) 01,125000,0.22,27500,2/15/2018,2/7/2018
February 2018,2/19/2018,2,34010020,SARINA THERMOPLASTICS ,NA,05006001,Packing Material,2,PVC 250mm,1006,240,241440,2/19/2018,2/1/2018
February 2018,2/19/2018,2,34010018,HANAN PRINTERS,NA,05004024,Packing Material,2,LEAFLETS  LEUMEF ,25540,0.55,14047,2/16/2018,2/13/2018
February 2018,2/19/2018,2,34010018,HANAN PRINTERS,NA,05004014,Packing Material,2,LEAFLETS ZARACIN CAP,25175,0.48,12084,2/16/2018,2/13/2018
February 2018,2/19/2018,2,34010031,HASEEB PLAST CO. - Mr. BASHARAT,NA,05008003,Packing Material,2,PLASTIC CAPS,12000,1,12000,2/16/2018,2/15/2018
February 2018,2/19/2018,2,34010031,HASEEB PLAST CO. - Mr. BASHARAT,NA,05008009,Packing Material,2,Plastic Cup 15ml ,2500,1.8,4500,2/16/2018,2/15/2018
February 2018,2/19/2018,2,34010018,HANAN PRINTERS,NA,05009006,Packing Material,2,Bottle Lable ZARACIN DRY SUSPENSION ,12686,0.43,5455,2/16/2018,2/13/2018
February 2018,2/21/2018,2,34010011,Hassan Ibrahim Printers - Faisalabad,NA,05004018,Packing Material,2,LEAFLETS LIMYCIN CAP,15000,0.35,5250,2/21/2018,2/13/2018
February 2018,2/21/2018,2,34010005,Jahangir Packages - Faisalabad,NA,05005005,Packing Material,2,SHIPPER EXP-02,227,257.4009,58430,2/21/2018,2/9/2018
February 2018,2/21/2018,2,34010011,Hassan Ibrahim Printers - Faisalabad,NA,05003037,Packing Material,2,U/C VELOFT 100 MG TAB 30 per pack,3200,2.1,6720,2/19/2018,2/2/2018
February 2018,2/21/2018,2,34010011,Hassan Ibrahim Printers - Faisalabad,NA,05003038,Packing Material,2,U/C ZARACIN DRY SUSPENSION 200MG/5ML,10350,2.5,25875,2/19/2018,2/7/2018
February 2018,2/21/2018,2,34010011,Hassan Ibrahim Printers - Faisalabad,NA,05004002,Packing Material,2,LEAFLET LEUFEX ,32000,0.35,11200,2/21/2018,2/13/2018
February 2018,2/21/2018,2,34010006,Pharma Caps - Karachi,NA,02002013,Excepients,1,ECS (ORANGE/ORANGE) 01,125000,0.22,27500,2/15/2018,2/7/2018
February 2018,2/22/2018,2,34010006,Pharma Caps - Karachi,NA,02002014,Excepients,1,ECS (BLU/D BLU) size 0,200000,0.235,47000,2/15/2018,2/7/2018
February 2018,2/22/2018,2,34010008,Brother Enterprises Limited ( BEL ) - ,NA,02001050,Excepients,1,HPMC K15 MCR,75,1600,120000,2/21/2018,2/15/2018
February 2018,2/22/2018,2,34010048,AL HAYYAT ENTERPRISES,NA,02001010,Excepients,1,PVP K30,50,700,35000,2/21/2018,2/13/2018
February 2018,2/22/2018,2,34010008,Brother Enterprises Limited ( BEL ) - ,NA,02001015,Excepients,1,ISO PROPYLE ALCOHOLE,160,228,36480,2/21/2018,2/15/2018
February 2018,2/22/2018,2,34010008,Brother Enterprises Limited ( BEL ) - ,NA,02001024,Excepients,1,SUGAR (MICRONIZED),300,155,46500,2/21/2018,2/15/2018
February 2018,2/23/2018,2,34010022,AL HAMD GRAVERS,NA,05002031,Packing Material,2,ALUMINIUM FOIL VIBECIN 100MG CAP,53.6,850,45560,2/22/2018,2/13/2018
February 2018,2/27/2018,2,34010011,Hassan Ibrahim Printers - Faisalabad,NA,05003028,Packing Material,2,U/C LIMYCIN CAP,11150,1.9,21185,2/23/2018,2/13/2018
February 2018,2/27/2018,2,34010048,AL HAYYAT ENTERPRISES,NA,02002002,Excepients,1,ECS  (RED/RED) 02,170000,0.2457,41769,2/16/2018,1/22/2018
February 2018,2/27/2018,2,34010006,Pharma Caps - Karachi,NA,02002008,Excepients,1,ECS (LTGREEN/WHITE) 02,525000,0.21,110250,2/26/2018,2/20/2018
February 2018,2/28/2018,2,34010040,TRUST LAB SUPPLY CORPORATION,NA,02001051,Excepients,1,Tri Sod Phosphate,3,1900,5700,2/27/2018,2/27/2018
February 2018,2/28/2018,2,34010001,Saeed Printers - Lahore,NA,05002001,Packing Material,2,ALUMINIUM FOIL VELOFT SR CAPSULE,16,950,15200,2/26/2018,2/2/2018
February 2018,2/28/2018,2,34010001,Saeed Printers - Lahore,NA,05002022,Packing Material,2,ALUMINIUM FOIL PRAGALAX 75MG,16,950,15200,2/26/2018,2/20/2018
February 2018,2/28/2018,2,34010001,Saeed Printers - Lahore,NA,05002015,Packing Material,2,ALUMINIUM FOIL Zaracin ,11,950,10450,2/26/2018,2/13/2018
February 2018,2/28/2018,2,34010070,M.ALI NAZ COMPANY,NA,02001017,Excepients,1,KYRON T 314,25,2350,58750,2/28/2018,2/13/2018
February 2018,2/28/2018,2,34010008,Brother Enterprises Limited ( BEL ) - ,NA,02001011,Excepients,1,SODUIM STARCH GLYCOLATE,200,532,106400,2/28/2018,2/27/2018
February 2018,2/28/2018,2,34010008,Brother Enterprises Limited ( BEL ) - ,NA,02001007,Excepients,1,LECTOSE MONOHYDRATE,300,280,84000,2/28/2018,2/27/2018
February 2018,2/28/2018,2,34010003,Vision Pharmaceuticals - Islamabad,NA,01001023,Active Material,1,OMEPRAZOLE PELLETS 8.5%,85,1200,102000,2/26/2018,2/23/2018
February 2018,2/28/2018,2,34010011,Hassan Ibrahim Printers - Faisalabad,NA,05003030,Packing Material,2,U/C MAGPRIDE TAB 1MG,9150,2.6,23790,2/28/2018,2/13/2018
February 2018,2/28/2018,2,34010011,Hassan Ibrahim Printers - Faisalabad,NA,05003037,Packing Material,2,U/C VELOFT 100 MG TAB 30 per pack,15550,2.1,32655,2/28/2018,2/2/2018
February 2018,2/28/2018,2,34010011,Hassan Ibrahim Printers - Faisalabad,NA,05003032,Packing Material,2,U/C MAGPRIDE TAB 3MG,8050,2.6,20930,2/28/2018,2/13/2018
February 2018,2/28/2018,2,34010011,Hassan Ibrahim Printers - Faisalabad,NA,05003036,Packing Material,2,U/C MAGNS 20MG CAP 10 per pack,30750,3.1,95325,2/28/2018,2/28/2018
February 2018,2/28/2018,2,34010011,Hassan Ibrahim Printers - Faisalabad,NA,05003039,Packing Material,2,U/C LEUMEF 30/180,6200,3.6,22320,2/28/2018,2/13/2018
February 2018,2/28/2018,2,34010011,Hassan Ibrahim Printers - Faisalabad,NA,05003040,Packing Material,2,U/C LEUMEF 15/90,6250,3.6,22500,2/28/2018,2/13/2018
February 2018,2/28/2018,2,34010018,HANAN PRINTERS,NA,05004021,Packing Material,2,LEAFLETS CLITHROCIN,26300,0.65,17095,2/28/2018,2/21/2018
February 2018,2/28/2018,2,34010011,Hassan Ibrahim Printers - Faisalabad,NA,05007037,Packing Material,2,STICKER MAGNS 20MG CAP 10 per pack,2000,1,2000,2/28/2018,2/28/2018
February 2018,2/28/2018,2,34010018,HANAN PRINTERS,NA,05009001,Packing Material,2,Bottle Lable Clithrocin 125/5 ml,10200,0.43,4386,2/28/2018,2/23/2018
March 2018,3/1/2018,2,34010011,Hassan Ibrahim Printers - Faisalabad,NA,05003024,Packing Material,2,U/C C ZET TAB,46950,3,140850,3/1/2018,9/22/2017
March 2018,3/1/2018,2,34010011,Hassan Ibrahim Printers - Faisalabad,NA,05003003,Packing Material,2,U/C MAGNS 20MG CAP,12000,3.1,37200,3/1/2018,2/2/2018
March 2018,3/1/2018,2,34010006,Pharma Caps - Karachi,NA,02002009,Excepients,1,ECS(BLUE/D.BLUE) 02,525000,0.21,110250,3/1/2018,2/22/2018
March 2018,3/6/2018,2,34010001,Saeed Printers - Lahore,NA,05002006,Packing Material,2,ALUMINIUM FOIL MAGNS 20MG,25.5,950,24225,3/6/2018,2/2/2018
March 2018,3/6/2018,2,34010022,AL HAMD GRAVERS,NA,05002006,Packing Material,2,ALUMINIUM FOIL MAGNS 20MG,24.2,0,0,3/6/2018,3/6/2018
March 2018,3/6/2018,1,34020038,LC #. 30(17-18) - BOP-80001-Levofloxacin - 6000$,NA,01001004,Active Material,1,LEVOFLOXACINE HEMIHYDRATE,200,3969.07,793814,3/2/2018,1/18/2018
March 2018,3/6/2018,2,34010009,Technokon Chemicals - Lahore,NA,02001004,Excepients,1,AQUASHINE MAGNS YELLOW,20,,,3/2/2018,2/23/2018
March 2018,3/6/2018,2,34010011,Hassan Ibrahim Printers - Faisalabad,NA,05003002,Packing Material,2,U/C CEFLOX 500MG TABS,31500,3.1,97650,3/2/2018,2/28/2018
March 2018,3/6/2018,2,34010022,AL HAMD GRAVERS,NA,05002037,Packing Material,2,ALUMINIUM FOIL MAGNS 20MG CAP 10 per pack,28,,,3/6/2018,3/6/2018
March 2018,3/6/2018,2,34010018,HANAN PRINTERS,NA,05009004,Packing Material,2,Bottle Lable LEUMEF 30/180,8000,0.45,3600,3/6/2018,2/13/2018
March 2018,3/6/2018,2,34010018,HANAN PRINTERS,NA,05009005,Packing Material,2,Bottle Lable LEUMEF 15/90,8000,0.45,3600,3/6/2018,2/13/2018
March 2018,3/8/2018,2,34010008,Brother Enterprises Limited ( BEL ) - ,NA,02001024,Excepients,1,SUGAR (MICRONIZED),500,155,77500,3/7/2018,3/1/2018
March 2018,3/8/2018,2,34010003,Vision Pharmaceuticals - Islamabad,NA,01001023,Active Material,1,OMEPRAZOLE PELLETS 8.5%,85,1200,102000,3/6/2018,3/6/2018
March 2018,3/8/2018,2,34010006,Pharma Caps - Karachi,NA,02002014,Excepients,1,ECS (BLU/D BLU) size 0,200000,0.235,47000,3/1/2018,2/22/2018
March 2018,3/8/2018,2,34010071,IMRAN ALU ALU,NA,05001001,Packing Material,2,ALU/ALU 250mm (160 micron),616.7,660,407022,3/6/2018,2/28/2018
March 2018,3/9/2018,2,34010006,Pharma Caps - Karachi,NA,02002008,Excepients,1,ECS (LTGREEN/WHITE) 02,1050000,0.21,220500,3/8/2018,3/1/2018
March 2018,3/9/2018,2,34010003,Vision Pharmaceuticals - Islamabad,NA,01001002,Active Material,1,ESOMEPRAZOLE PELLETS 22.5%,100,4050,405000,3/8/2018,2/22/2018
March 2018,3/9/2018,2,34010011,Hassan Ibrahim Printers - Faisalabad,NA,05003003,Packing Material,2,U/C MAGNS 20MG CAP,19000,3.1,58900,3/8/2018,2/2/2018
March 2018,3/10/2018,2,34010003,Vision Pharmaceuticals - Islamabad,NA,01001002,Active Material,1,ESOMEPRAZOLE PELLETS 22.5%,100,4050,405000,3/8/2018,2/22/2018
March 2018,3/10/2018,2,34010006,Pharma Caps - Karachi,NA,02002006,Excepients,1,ECS (PURPLE/PURPLE) 02,525000,0.21,110250,3/9/2018,2/27/2018
March 2018,3/12/2018,2,34010011,Hassan Ibrahim Printers - Faisalabad,NA,05003005,Packing Material,2,U/C LEUFEX 250MG TABS,23070,3.1,71517,3/12/2018,2/28/2018
March 2018,3/12/2018,2,34010011,Hassan Ibrahim Printers - Faisalabad,NA,05003010,Packing Material,2,U/C FLUMAG,40350,2.6,104910,3/12/2018,2/13/2018
March 2018,3/14/2018,2,34010011,Hassan Ibrahim Printers - Faisalabad,NA,05004003,Packing Material,2,LEAFLET MAGNS ,54000,0.35,18900,3/9/2018,3/6/2018
March 2018,3/14/2018,2,34010017,PHARMAGEN LIMITED,NA,01001001,Active Material,1,CIPROFLOCXACIN HCL,200,3500,700000,3/12/2018,3/6/2018
March 2018,3/14/2018,2,34010031,HASEEB PLAST CO. - Mr. BASHARAT,NA,05008005,Packing Material,2,BOTTLE SEAL,66000,0.1785,11780,3/10/2018,3/10/2018
March 2018,3/15/2018,2,34010012,Mak Kemikal - Karachi,NA,02001052,Excepients,1,Eudragit L 100,50,1170,58500,3/15/2018,3/6/2018
March 2018,3/16/2018,2,34010011,Hassan Ibrahim Printers - Faisalabad,NA,05004001,Packing Material,2,LEAFLET CEFLOX,64000,0.35,22400,3/14/2018,3/6/2018
March 2018,3/16/2018,2,34010005,Jahangir Packages - Faisalabad,NA,05005007,Packing Material,2,MASTER SHIPPER MP-05,578,58.5,33813,3/14/2018,3/1/2018
March 2018,3/16/2018,2,34010005,Jahangir Packages - Faisalabad,NA,05005008,Packing Material,2,MASTER SHIPPER MP-06,517,84.2398,43552,3/14/2018,3/1/2018
March 2018,3/16/2018,2,34010011,Hassan Ibrahim Printers - Faisalabad,NA,05003006,Packing Material,2,U/C LEUFEX 500MG TABS,24300,,,3/14/2018,2/28/2018
March 2018,3/16/2018,2,34010011,Hassan Ibrahim Printers - Faisalabad,NA,05003001,Packing Material,2,U/C CEFLOX 250MG TABS,23000,,,3/14/2018,2/28/2018
March 2018,3/16/2018,2,34010022,AL HAMD GRAVERS,NA,05002037,Packing Material,2,ALUMINIUM FOIL MAGNS 20MG CAP 10 per pack,26.1,,,3/12/2018,3/9/2018
March 2018,3/21/2018,2,34010011,Hassan Ibrahim Printers - Faisalabad,NA,05003020,Packing Material,2,U/C MAGCAM ,17900,,,3/20/2018,2/28/2018
March 2018,3/21/2018,2,34010005,Jahangir Packages - Faisalabad,NA,05005001,Packing Material,2,MASTER SHIPPER MP-01,1070,44,47080,3/20/2018,3/8/2018
March 2018,3/21/2018,2,34010075,MAASCHEM ENTERPRISES.,NA,02001055,Excepients,1,CHOCOLATE BROWN (COLOUR),5,3750,18750,3/20/2018,3/20/2018
March 2018,3/21/2018,2,34010023,A.M ITERNATIONAL,NA,02001034,Excepients,1,DRY TUTTIFRUITY 3-X    (FLAVOUR),9,1200,10800,3/20/2018,3/8/2018
March 2018,3/21/2018,2,34010022,AL HAMD GRAVERS,NA,05002002,Packing Material,2,ALUMINIUM FOIL CEFLOX 250MG ,10.9,0,0,3/19/2018,3/19/2018
March 2018,3/21/2018,2,34010022,AL HAMD GRAVERS,NA,05002004,Packing Material,2,ALUMINIUM FOIL LEUFEX 250MG,11.1,,,3/19/2018,3/19/2018
March 2018,3/21/2018,2,34010012,Mak Kemikal - Karachi,NA,02001009,Excepients,1,MICRO CRYSTALLINE CELLULOSE 102,200,368.55,73710,3/16/2018,3/7/2018
March 2018,3/22/2018,2,34010022,AL HAMD GRAVERS,NA,05002004,Packing Material,2,ALUMINIUM FOIL LEUFEX 250MG,15.95,,,3/22/2018,3/21/2018
March 2018,3/22/2018,2,34010022,AL HAMD GRAVERS,NA,05002002,Packing Material,2,ALUMINIUM FOIL CEFLOX 250MG ,17,0,0,3/22/2018,3/21/2018
March 2018,3/22/2018,2,34010022,AL HAMD GRAVERS,NA,05002005,Packing Material,2,ALUMINIUM FOIL LEUFEX 500MG ,15,0,0,3/22/2018,3/21/2018
March 2018,3/22/2018,2,34010011,Hassan Ibrahim Printers - Faisalabad,NA,05003041,Packing Material,2,U/C MONTIROZ 05MG TAB,26300,,,3/22/2018,3/22/2018
March 2018,3/22/2018,2,34010011,Hassan Ibrahim Printers - Faisalabad,NA,05004004,Packing Material,2,LEAFLET VELOFT ,63000,0.35,22050,3/16/2018,3/8/2018
March 2018,3/22/2018,2,34010018,HANAN PRINTERS,NA,05004007,Packing Material,2,LEAFLETS MEFLEX,20450,1.4,28630,3/21/2018,3/1/2018
March 2018,3/22/2018,2,34010011,Hassan Ibrahim Printers - Faisalabad,NA,05003001,Packing Material,2,U/C CEFLOX 250MG TABS,8550,,,3/16/2018,11/10/2017
March 2018,3/22/2018,2,34010011,Hassan Ibrahim Printers - Faisalabad,NA,05003004,Packing Material,2,U/C MAGNS 40MG CAP,31400,,,3/22/2018,2/28/2018
March 2018,3/27/2018,2,34010011,Hassan Ibrahim Printers - Faisalabad,NA,05003017,Packing Material,2,U/C PRAGALAX 150MG CAP,16100,,,3/26/2018,2/28/2018
March 2018,3/27/2018,2,34010011,Hassan Ibrahim Printers - Faisalabad,NA,05003016,Packing Material,2,U/C PRAGALAX 100MG CAP,15900,,,3/26/2018,2/28/2018
March 2018,3/27/2018,2,34010011,Hassan Ibrahim Printers - Faisalabad,NA,05003007,Packing Material,2,U/C VELOFT 100MG SR CAP,20950,,,3/26/2018,2/28/2018
March 2018,3/27/2018,2,34010011,Hassan Ibrahim Printers - Faisalabad,NA,05003009,Packing Material,2,U/C EKMA 40MG,29950,,,3/26/2018,2/28/2018
March 2018,3/27/2018,1,34020041,LC #. 33(17-18) - BOP-330001-Diclofenac - 1450$,NA,01001018,Active Material,1,DICLOFENAC SODIUM,100,2414.73,241473,3/20/2018,2/2/2018
March 2018,3/27/2018,1,34020040,LC #. 32(17-18) - BOP-300503-Mefenamic - 4500$,NA,01001019,Active Material,1,MEFENAMIC ACID,500,1221.9,610950,3/12/2018,1/30/2018
March 2018,3/30/2018,2,34010006,Pharma Caps - Karachi,NA,02002012,Excepients,1,ECS  (BLU/BLU) 01,125000,0.22,27500,3/21/2018,2/27/2018
March 2018,3/30/2018,2,34010011,Hassan Ibrahim Printers - Faisalabad,NA,05003008,Packing Material,2,U/C EKMA 20MG,30150,2.9,87435,3/29/2018,3/8/2018
March 2018,3/30/2018,2,34010011,Hassan Ibrahim Printers - Faisalabad,NA,05003015,Packing Material,2,U/C PRAGALAX 75MG CAP,16300,,,3/27/2018,2/28/2018
March 2018,3/30/2018,2,34010011,Hassan Ibrahim Printers - Faisalabad,NA,05003003,Packing Material,2,U/C MAGNS 20MG CAP,30400,3.1,94240,3/29/2018,3/9/2018
March 2018,3/30/2018,2,34010011,Hassan Ibrahim Printers - Faisalabad,NA,05004002,Packing Material,2,LEAFLET LEUFEX ,16000,0.35,5600,3/29/2018,3/6/2018
